category,product_id,barcode,product_name,brand,unit,sale_price,cost_price,total_stock,unit_of_measure,is_for_sale
PBG,TH_MAP,,PHOSPHATES MAP 12-61-0 (25KG),,1.0,35000,30400.0,0.0,kg,1
PBG,TH_MAP-1,,PHOSPHATES MAP 12-61-0 (25KG),,25.0,850000,760000.0,0.0,bao,1
PBL,BCC_COBIO,,COBIO ROOT 250ML,BCC,1.0,75000,56000.0,0.0,Chai,1
PBL,BCC_TANXANH500,,SUPERTAN XANH GÓI 500GR,BCC,1.0,65000,40000.0,0.0,,1
PBL,BCC_CALIBO,,COFOLI CALIBO 450ML,BCC,1.0,120000,75000.0,0.0,Chai,1
PBL,BCC_FULAMIN,,COFOLI FULAMIN 450ML,BCC,1.0,95000,65000.0,0.0,Chai,1
THUỐC BỆNH,APN_IBA100,,IBA 100ML,AN PHÁT NÔNG,1.0,85000,63000.0,0.0,Chai,1
THUỐC BỆNH,APN_METRO,,METROTOP 600WG 400GR,AN PHÁT NÔNG,1.0,170000,140000.0,0.0,Gói,1
PBG,HH_301010bm,,BM 30-10-10 (25KG),BM,1.0,18000,14600.0,0.0,kg,1
PBG,HH_301010bm-1,,BM 30-10-10 (25KG),BM,25.0,435000,365000.0,0.0,Bao,1
THUỐC SÂU,VT_AKULA,,SÂU-RẦY-RỆP ( AKULAGOLD ) 260EW 240ML,VIỆT TRUNG,1.0,75000,55175.04,520.0,Chai,1
THUỐC SÂU,VT_SIEUGON85,,SIEUGON 85GR 1KG,VIỆT TRUNG,1.0,55000,0.0,0.0,Túi,1
THUỐC BỆNH,VT_ANLIA,,ANLIA 600WG 250G,VIỆT TRUNG,1.0,80000,54758.4,0.0,Gói,1
THUỐC BỆNH,VT_KAIDO,,TUYẾN TRÙNG 500 ( KAIDO 50SL ) 480ML,VIỆT TRUNG,1.0,125000,0.0,0.0,Chai,1
THUỐC BỆNH,HP_BO4TT,,BỘ ĐÔI ROT XỬ LÝ ĐẤT ( 2 TUYẾN TRÙNG B2 480ML + 2 ROMIL 500GR ),HP,1.0,650000,550495.04,0.0,BỘ,1
PBL,NDLA_06020,,0-60-20 GÓI 1 KG,NONG DUOC LA,1.0,125000,77500.0,0.0,,1
THUỐC BỆNH,NVT_DOSIMAX200,,DOSIMAX GOLD 200ML,NÔNG VIỆT THỊNH,1.0,185000,160000.0,0.0,Chai,1
THUỐC SÂU,HC_AOBA250,,AOBA 15EC 250ML,,1.0,275000,264000.0,0.0,,1
THUỐC SÂU,HB_ACTADAN,,ACTADAN USA 350WP-80GR,HB -CTY HÒA BÌNH,1.0,20000,11000.0,0.0,,1
THUỐC SÂU,HB_SECTOX100,,SECTOX 100WP - 100GR ( SẠCH BỌ TRĨ ),HB -CTY HÒA BÌNH,1.0,12000,9000.0,1.0,,1
THUỐC SÂU,HB_PERTOX,,PERTOX 5EC 450ML,HB -CTY HÒA BÌNH,1.0,55000,42800.0,0.0,,1
THUỐC SÂU,HB_ASARA,,ASARA SUPER 250WG - 30GR,HB -CTY HÒA BÌNH,1.0,15000,9000.0,0.0,,1
THUỐC SÂU,HB_CUNGTEN,,SADAMIR 200WP - 100GR ( CUNG TÊN ),HB -CTY HÒA BÌNH,1.0,28000,19200.0,0.0,,1
THUỐC ỐC,PT_OCOBAMA,,ỐC OBAMA 18GR (1KG),TY PHUC THINH,1.0,55000,39900.0,0.0,Gói,1
THUỐC ỐC,PT_OCOBAMA-1,,ỐC OBAMA 18GR (1KG),TY PHUC THINH,20.0,1100000,798000.0,0.0,THÙNG,1
THUỐC SÂU,VT_RUOIVANG,,RUỒI VÀNG ẤN ĐỘ (KAKASUPER) 266SC 200ML,VIỆT TRUNG,1.0,120000,79905.6,0.0,Chai,1
THUỐC SÂU,VT_RUOIVANG-1,,RUỒI VÀNG ẤN ĐỘ (KAKASUPER) 266SC 200ML,VIỆT TRUNG,40.0,4800000,3196224.0,0.0,THÙNG,1
THUỐC SÂU,VT_CHIMUNG,,CHIM ƯNG (VIETDAN) 29SL 450ML,VIỆT TRUNG,1.0,45000,35266.0,0.0,Chai,1
THUỐC SÂU,VT_CHIMUNG-1,,CHIM ƯNG (VIETDAN) 29SL 450ML,VIỆT TRUNG,30.0,1350000,1057980.0,0.0,THÙNG,1
PBL,NDLA_7544,,PTK 7-5-44 250GRAM,NONG DUOC LA,1.0,25000,18000.0,0.0,Gói,1
PBL,NDLA_7544-1,,PTK 7-5-44 250GRAM,NONG DUOC LA,100.0,2500000,1800000.0,0.0,THÙNG,1
Chi phí,SP000361,,CHI PHÍ GIAO HÀNG BÌNH PHƯỚC,,1.0,20000,0.0,0.0,Lần,1
THUỐC SÂU,NVT_NAPYRIM,,NAPYRIM 20SC 450ML,NÔNG VIỆT THỊNH,1.0,145000,126000.0,0.0,Chai,1
THUỐC SÂU,NVT_NAPYRIM-1,,NAPYRIM 20SC 450ML,NÔNG VIỆT THỊNH,30.0,4350000,3780000.0,0.0,THÙNG,1
PBL,PTK_COMBO5,,COMBO 5 CHAI CANXI BO KẼM 500ML TẶNG 1,PTK,1.0,540000,0.0,0.0,,1
PBG,CCV_2555,,NPK 25-5-5 FARMERS 25KG,CON CÒ VÀNG,1.0,17000,14330.0,0.0,kg,1
PBG,CCV_2555-1,,NPK 25-5-5 FARMERS 25KG,CON CÒ VÀNG,25.0,390000,358250.0,0.0,Bao,1
THUỐC BỆNH,VT_THANY,,THẦN Y 4H TRỊ KHUẨN (SUNSHI 21WP) 25GRAM,VIỆT TRUNG,1.0,10000,6134.4,0.0,Gói,1
THUỐC BỆNH,VT_THANY-1,,THẦN Y 4H TRỊ KHUẨN (SUNSHI 21WP) 25GRAM,VIỆT TRUNG,400.0,4000000,2453760.0,0.0,THÙNG,1
THUỐC BỆNH,VT_AMISU,,AMISUPERTOP 500WP 20GRAM,VIỆT TRUNG,1.0,18000,11160.0,0.0,Gói,1
THUỐC BỆNH,VT_AMISU-1,,AMISUPERTOP 500WP 20GRAM,VIỆT TRUNG,500.0,9000000,5580000.0,0.0,THÙNG,1
THUỐC BỆNH,TH_MIK,,MIKSABE 100WP 25GRAM,TẤN HƯNG,1.0,15000,11000.0,0.0,Gói,1
THUỐC BỆNH,TH_MIK-1,,MIKSABE 100WP 25GRAM,TẤN HƯNG,400.0,6000000,4400000.0,0.0,THÙNG,1
THUỐC BỆNH,TH_META,,METALAXYL NƯỚC 100ML,TẤN HƯNG,1.0,50000,28000.0,0.0,Chai,1
THUỐC BỆNH,TH_META-1,,METALAXYL NƯỚC 100ML,TẤN HƯNG,100.0,5000000,2800000.0,0.0,THÙNG,1
PBL,NDLA_CANXIBO,,CANXI BO KẼM 500ML,NONG DUOC LA,1.0,90000,50000.0,0.0,Chai,1
PBL,NDLA_CANXIBO-1,,CANXI BO KẼM 500ML,NONG DUOC LA,40.0,3600000,2000000.0,0.0,THÙNG,1
THUỐC BỆNH,DX_FOSCY,,FOSCY 35GRAM,ĐỒNG XANH,1.0,18000,12500.0,0.0,Gói,1
THUỐC BỆNH,DX_FOSCY-1,,FOSCY 35GRAM,ĐỒNG XANH,75.0,1350000,937500.0,0.0,Hộp,1
THUỐC BỆNH,DX_CYTHALA,,CYTHALA 30GRAM,ĐỒNG XANH,1.0,20000,11800.0,0.0,Gói,1
THUỐC BỆNH,DX_CYTHALA-1,,CYTHALA 30GRAM,ĐỒNG XANH,400.0,8000000,4720000.0,0.0,THÙNG,1
THUỐC BỆNH,DX_LIBERO,,LIBERO 35GRAM,ĐỒNG XANH,1.0,25000,19000.0,0.0,Gói,1
THUỐC BỆNH,DX_LIBERO-1,,LIBERO 35GRAM,ĐỒNG XANH,300.0,7500000,5700000.0,0.0,THÙNG,1
THUỐC SÂU,VPC_VISHER480,,VISHER 480ML,VIPESCO,1.0,125000,90420.0,0.0,Chai,1
THUỐC SÂU,VPC_VISHER480-1,,VISHER 480ML,VIPESCO,30.0,3750000,2712600.0,0.0,THÙNG,1
THUỐC SÂU,VPC_VISHER100,,VISHER 100ML,VIPESCO,1.0,30000,22500.0,0.0,Chai,1
THUỐC SÂU,VPC_VISHER100-1,,VISHER 100ML,VIPESCO,100.0,3000000,2250000.0,0.0,THÙNG,1
AN PHAT NONG,APN_FLOWER,,APN FLOWER 250GRAM,AN PHÁT NÔNG,1.0,85000,69000.0,0.0,Gói,1
AN PHAT NONG,APN_FLOWER-1,,APN FLOWER 250GRAM,AN PHÁT NÔNG,100.0,8500000,6900000.0,0.0,THÙNG,1
PBG,BM_AURUMA,,BM FERTIGANIC 65 OM + 3-2-2 (25KG),BM,1.0,12000,8000.0,0.0,kg,1
PBG,BM_AURUMA-1,,BM FERTIGANIC 65 OM + 3-2-2 (25KG),BM,25.0,280000,200000.0,0.0,Bao,1
PBL,PTK_MATCUA,,BỘ SẢN PHẨM RƯỚC MẮT CUA,,1.0,235000,140000.0,0.0,Bộ,1
PBL,PTK_MIENTRANG,,BỘ SẢN PHẨM PHÁ MIÊN TRẠNG,,1.0,315000,194500.0,0.0,Bộ,1
PBL,PTK_KICHBONG,,BỘ SẢN PHẨM ỨC CHẾ KÍCH BÔNG,,1.0,580000,539000.0,0.0,Bộ,1
PBL,PTK_CHANDOTST,,BỘ SẢN PHẨM CHẶN ĐỌT SIÊU TỐC,,1.0,390000,229000.0,0.0,Bộ,1
PBL,PTK_SOLA,,BỘ SẢN PHẨM SO LÁ KÉO CƠI ĐỒNG LOẠT,,1.0,210000,139000.0,0.0,Bộ,1
PBL,PTK_DUONGDOT,,BỘ SẢN PHẨM DƯỠNG ĐỌT,,1.0,260000,162000.0,0.0,Bộ,1
PBL,PTK_CHONGRUNG,,BỘ SẢN PHẨM CHỐNG RỤNG NUÔI TRÁI,,1.0,315000,180000.0,0.0,Bộ,1
PBL,PTK_CHANDOT,,BỘ SẢN PHẨM CHẶN ĐỌT 24H,,1.0,290000,145000.0,0.0,Bộ,1
PBL,PTK_KEODOT,,BỘ SẢN PHẨM KÉO ĐỌT KÍCH CƠI ĐỒNG LOẠT,,1.0,195000,122500.0,0.0,Bộ,1
PBL,PTK_KICHRE,,BỘ SẢN PHẨM KÍCH RỄ BẬT CHỒI,,1.0,205000,119000.0,0.0,Bộ,1
PBL,PTK_CHINHTRAI,,BỘ SẢN PHẨM CHỈNH TRÁI CHỐNG RỤNG,,1.0,315000,213000.0,0.0,Bộ,1
PBL,PTK_VOCOM,,BỘ SẢN PHẨM VÔ CƠM GAI NHÍM,,1.0,265000,155500.0,0.0,Bộ,1
THUỐC BỆNH,HP_BOTT,,BỘ TIÊU DIỆT TUYẾN TRÙNG NẤM BỆNH,,1.0,330000,248769.0,0.0,Bộ,1
PBG,TH_SULPHATE,,SOLUBLES POTASSIUM SULPHATE (KALI TRẮNG MỚI) 25KG,,1.0,25000,19800.0,0.0,kg,1
PBG,TH_SULPHATE-1,,SOLUBLES POTASSIUM SULPHATE (KALI TRẮNG MỚI) 25KG,,25.0,590000,495000.0,0.0,Bao,1
PBG,TH_MAGIE,,MAGNESIUM NITRATE (MAGIE NITRATE) (25KG),,1.0,17000,10800.0,0.0,kg,1
PBG,TH_MAGIE-1,,MAGNESIUM NITRATE (MAGIE NITRATE) (25KG),,25.0,400000,270000.0,0.0,Bao,1
HỮU CƠ,PTK_ACTIVE322MOI,,HỮU CƠ ACTIVE GOLD 322 - BAO MỚI (25KG ),PTK,1.0,15000,0.0,0.0,kg,1
HỮU CƠ,PTK_ACTIVE322MOI-1,,HỮU CƠ ACTIVE GOLD 322 - BAO MỚI (25KG ),PTK,25.0,350000,0.0,0.0,Bao,1
PBL,PTK_TAOMAM2,,BỘ SẢN PHẨM TẠO MẦM LẦN 2,PTK,1.0,330000,214500.0,0.0,Bộ,1
PBL,PTK_TAOMAM1,,BỘ SẢN PHẨM TẠO MẦM LẦN 1,PTK,1.0,380000,239500.0,0.0,Bộ,1
HỮU CƠ,PTK_GREENDEMO,,HÀNG DEMO - ACTIVE GREEN 25-5-5 + 20%OM (25KG ),PTK,1.0,0,15000.0,0.0,kg,1
HỮU CƠ,SP000350,,HÀNG DEMO - ACTIVE GREEN 25-5-5 + 20%OM (25KG ),PTK,25.0,0,375000.0,0.0,Bao Demo,1
HỮU CƠ,PTK_BLUEDEMO,,HÀNG DEMO - ACTIVE BLUE 11-11-11 + 15%OM (25KG ),,1.0,0,12000.0,0.0,kg,1
HỮU CƠ,PTK_BLUEDEMO-1,,HÀNG DEMO - ACTIVE BLUE 11-11-11 + 15%OM (25KG ),,25.0,0,300000.0,0.0,Bao Demo,1
HỮU CƠ,PTK_REDDEMO,,HÀNG DEMO - ACTIVE RED 10-5-20 + 20%OM (25KG ),PTK,1.0,0,13000.0,0.0,kg,1
HỮU CƠ,PTK_REDDEMO-1,,HÀNG DEMO - ACTIVE RED 10-5-20 + 20%OM (25KG ),PTK,25.0,0,325000.0,0.0,Bao Demo,1
HỮU CƠ,PTK_ACTIVEGOLD,,HÀNG DEMO - ACTIVE GOLD 322 (25KG),PTK,1.0,0,9000.0,0.0,kg,1
HỮU CƠ,PTK_ACTIVEGOLD-1,,HÀNG DEMO - ACTIVE GOLD 322 (25KG),PTK,25.0,0,225000.0,0.0,Bao Demo,1
PBG,PTK_ACTIVERED,,ACTIVE RED 10-5-20 + 20%OM (25KG ),PTK,1.0,20000,13000.0,0.0,kg,1
PBG,PTK_ACTIVERED-1,,ACTIVE RED 10-5-20 + 20%OM (25KG ),PTK,25.0,475000,325000.0,0.0,Bao,1
PBG,PTK_ACTIVEBLUE,,ACTIVE BLUE 11-11-11 + 15%OM (25KG ),PTK,1.0,20000,12000.0,0.0,kg,1
PBG,PTK_ACTIVEBLUE-1,,ACTIVE BLUE 11-11-11 + 15%OM (25KG ),PTK,25.0,475000,300000.0,0.0,Bao,1
PBG,PTK_ACTIVEGREEN,,ACTIVE GREEN 25-5-5 + 20%OM (25KG ),PTK,1.0,21000,15000.0,0.0,kg,1
PBG,PTK_ACTIVEGREEN-1,,ACTIVE GREEN 25-5-5 + 20%OM (25KG ),PTK,25.0,505000,375000.0,0.0,Bao,1
THUỐC SÂU,VT_MECTIN70,,SÁT THỦ (NEWMECTIN) 126WG 70GRAM,VIỆT TRUNG,1.0,55000,40546.0,0.0,Gói,1
THUỐC SÂU,VT_MECTIN70-1,,SÁT THỦ (NEWMECTIN) 126WG 70GRAM,VIỆT TRUNG,150.0,8250000,6081900.0,0.0,THÙNG,1
PBL,NIKA_LYCHCARIA,,LYCHCARIA 100 GRAM,NIKA,1.0,90000,56000.0,0.0,Gói,1
PBL,NIKA_LYCHCARIA-1,,LYCHCARIA 100 GRAM,NIKA,200.0,18000000,11200000.0,0.0,THÙNG,1
PBL,TV_SHINKO20,,SHINKO 12-12-12 20 LÍT,TRE VIET,1.0,2850000,1550000.0,0.0,THÙNG,1
PBL,TV_HIKARI1L,,HIKARI AMIN 1 LÍT,TRE VIET,1.0,185000,105000.0,0.0,Chai,1
PBL,TV_HIKARI1L-1,,HIKARI AMIN 1 LÍT,TRE VIET,20.0,3700000,2100000.0,0.0,THÙNG,1
PBL,TV_SHINKO1L,,SHINKO 12-12-12 1 LÍT,TRE VIET,1.0,195000,115000.0,0.0,Chai,1
PBL,TV_SHINKO1L-1,,SHINKO 12-12-12 1 LÍT,TRE VIET,20.0,3900000,2300000.0,0.0,THÙNG,1
THUỐC SÂU,NVT_CHOPY300,,CHOPYFOS 400EC 300ML,NÔNG VIỆT THỊNH,1.0,140000,105000.0,0.0,Chai,1
THUỐC SÂU,NVT_CHOPY300-1,,CHOPYFOS 400EC 300ML,NÔNG VIỆT THỊNH,40.0,5600000,4200000.0,0.0,THÙNG,1
PBG,CCV_92517RUBY,,NPK 9-25-17 RUBY (25KG),CON CÒ VÀNG,1.0,23000,17600.0,0.0,kg,1
PBG,CCV_92517RUBY-1,,NPK 9-25-17 RUBY (25KG),CON CÒ VÀNG,25.0,540000,440000.0,0.0,Bao,1
PBG,CCV_191919,,NPK 19-19-19 RUBY (25KG),CON CÒ VÀNG,1.0,21000,17000.0,0.0,kg,1
PBG,CCV_191919-1,,NPK 19-19-19 RUBY (25KG),CON CÒ VÀNG,25.0,495000,425000.0,0.0,Bao,1
PBG,CCV_15920,,NPK 15-9-20 RUSSIA (25KG),CON CÒ VÀNG,1.0,21000,18000.0,0.0,kg,1
PBG,CCV_15920-1,,NPK 15-9-20 RUSSIA (25KG),CON CÒ VÀNG,25.0,505000,450000.0,0.0,Bao,1
PBG,CCV_301010,,NPK 30-10-10 ENTER-ROOT (25KG),CON CÒ VÀNG,1.0,18000,14000.0,0.0,kg,1
PBG,CCV_301010-1,,NPK 30-10-10 ENTER-ROOT (25KG),CON CÒ VÀNG,25.0,430000,350000.0,0.0,Bao,1
PBL,FF_N30,,PROFARM - N30 500GRAM,FUTURER FARM,1.0,90000,61000.0,0.0,hũ,1
PBL,FF_N30-1,,PROFARM - N30 500GRAM,FUTURER FARM,50.0,4500000,3050000.0,0.0,THÙNG,1
PBL,NDLA_THAMSAU100,,THẤM SÂU 66 100ML,NONG DUOC LA,1.0,45000,19000.0,0.0,Chai,1
PBL,NDLA_THAMSAU100-1,,THẤM SÂU 66 100ML,NONG DUOC LA,100.0,4500000,1900000.0,0.0,THÙNG,1
THUỐC BỆNH,VT_ANIZOL,,KHẮC TINH CHÁY LÁ (ANIZOL) 430SC 240ML,VIỆT TRUNG,1.0,165000,130290.4,0.0,Chai,1
THUỐC BỆNH,VT_ANIZOL-1,,KHẮC TINH CHÁY LÁ (ANIZOL) 430SC 240ML,VIỆT TRUNG,40.0,6600000,5211616.0,0.0,THÙNG,1
THUỐC SÂU,VT_NEWMEC,,SÁT THỦ (NEWMECTIN) 126WG 10GRAM,VIỆT TRUNG,1.0,15000,6596.0,0.0,Gói,1
THUỐC SÂU,VT_NEWMEC-1,,SÁT THỦ (NEWMECTIN) 126WG 10GRAM,VIỆT TRUNG,600.0,9000000,3957600.0,0.0,THÙNG,1
PBG,DAPHHD,,DAP HỒNG HÀ ĐEN (50KG),,1.0,27000,23500.0,0.0,kg,1
PBG,DAPHHD-1,,DAP HỒNG HÀ ĐEN (50KG),,50.0,1295000,1175000.0,0.0,bao,1
THUỐC BỆNH,NP_MYCIN,,NAFAMYCIN (Gamycinusa 150SL-200ml),NAM PHÁT,1.0,95000,68000.0,0.0,Chai,1
THUỐC BỆNH,NP_MYCIN-1,,NAFAMYCIN (Gamycinusa 150SL-200ml),NAM PHÁT,40.0,3800000,2720000.0,0.0,THÙNG,1
THUỐC SÂU,NP_BOMTAN,,BOM TẤN (Bombigold 500WG -100gr),NAM PHÁT,1.0,65000,39000.0,0.0,Gói,1
THUỐC SÂU,NP_BOMTAN-1,,BOM TẤN (Bombigold 500WG -100gr),NAM PHÁT,100.0,6500000,3900000.0,0.0,THÙNG,1
THUỐC BỆNH,NP_MITOPONE,,NAFATOP ONE (Mitop one 390SC -240ml),NAM PHÁT,1.0,135000,94000.0,0.0,Chai,1
THUỐC BỆNH,NP_MITOPONE-1,,NAFATOP ONE (Mitop one 390SC -240ml),NAM PHÁT,40.0,5400000,3760000.0,0.0,THÙNG,1
THUỐC BỆNH,NP_SUPERTOP,,NAFA SUPERTOP (Ditrobinusavb 40SC - 200ml),NAM PHÁT,1.0,170000,135000.0,0.0,Chai,1
THUỐC BỆNH,NP_SUPERTOP-1,,NAFA SUPERTOP (Ditrobinusavb 40SC - 200ml),NAM PHÁT,40.0,6800000,5400000.0,0.0,THÙNG,1
THUỐC SÂU,VPC_VICARP100,,VICARP 95WP 100GRAM,VIPESCO,1.0,60000,47000.0,0.0,Gói,1
THUỐC SÂU,VPC_VICARP100-1,,VICARP 95WP 100GRAM,VIPESCO,100.0,6000000,4700000.0,0.0,THÙNG,1
THUỐC SÂU,NP_TAMTHAITU,,NHỆN - TAM THÁI TỬ 240ML,NAM PHÁT,1.0,110000,79000.0,0.0,Chai,1
THUỐC SÂU,NP_TAMTHAITU-1,,NHỆN - TAM THÁI TỬ 240ML,NAM PHÁT,40.0,4400000,3160000.0,0.0,THÙNG,1
THUỐC SÂU,NVT_BLUECAT,,BLUECAT 568WG 60GRAM,NÔNG VIỆT THỊNH,1.0,70000,58000.0,0.0,Gói,1
THUỐC SÂU,NVT_BLUECAT-1,,BLUECAT 568WG 60GRAM,NÔNG VIỆT THỊNH,150.0,10500000,8700000.0,0.0,THÙNG,1
PBG,DRAFERT92517,,NPK 9-25-17 DRAFERT (25KG),CÁ HEO,1.0,23000,17600.0,0.0,kg,1
PBG,DRAFERT92517-1,,NPK 9-25-17 DRAFERT (25KG),CÁ HEO,25.0,540000,440000.0,0.0,Bao,1
PBG,DAP HU,,DAP HUMIC (VINACAM) (50KG),,1.0,23000,21000.0,0.0,kg,1
PBG,DAP HU-1,,DAP HUMIC (VINACAM) (50KG),,50.0,1100000,1050000.0,0.0,BAO,1
THUỐC SÂU,NVT_NOVIMOS,,DIỆT RẦY SỐ 1 NOVI MOS 650WG 80GRAM,NÔNG VIỆT THỊNH,1.0,55000,48000.0,0.0,Gói,1
THUỐC SÂU,SP000310,,DIỆT RẦY SỐ 1 NOVI MOS 650WG 80GRAM,NÔNG VIỆT THỊNH,120.0,6600000,5760000.0,0.0,THÙNG,1
THUỐC SÂU,NVT_DOFEN150,,DOFEN GOAL 50SC 150ML,NÔNG VIỆT THỊNH,1.0,110000,96000.0,0.0,Chai,1
THUỐC SÂU,NVT_NHEN500,,DIỆT NHỆN PYRAMITE 500SC 240ML,NÔNG VIỆT THỊNH,1.0,140000,110000.0,0.0,Chai,1
THUỐC SÂU,SP000308,,DIỆT NHỆN PYRAMITE 500SC 240ML,NÔNG VIỆT THỊNH,40.0,5600000,4400000.0,0.0,Thùng,1
AN PHAT NONG,APN_AMINO,,AMINO 4.0 500ML,AN PHÁT NÔNG,1.0,0,120000.0,0.0,Chai,1
Chi phí,CPGHBP,,CHI PHÍ GIAO HÀNG ANH NHỰT BÌNH PHƯỚC,,1.0,1800000,0.0,0.0,Lần,1
THUỐC SÂU,HB_SETOX,,SECTOX 700WG 30GRAM,HB -CTY HÒA BÌNH,1.0,32000,21400.0,1.0,Gói,1
THUỐC CỎ,HB_ALYRICE,,TRỪ CỎ ALYRICE 200WG 35GRAM,HB -CTY HÒA BÌNH,1.0,25000,12000.0,0.0,Gói,1
THUỐC CỎ,SP000320,,TRỪ CỎ ALYRICE 200WG 35GRAM,HB -CTY HÒA BÌNH,150.0,3750000,1800000.0,0.0,THÙNG,1
THUỐC BỆNH,APN_ELI500,,ELIXIR 500GR,AN PHÁT NÔNG,1.0,145000,124000.0,0.0,Gói,1
HKM,HKM_ĐENPIN,,ĐÈN PIN ĐỘI ĐẦU HT,HỢP TRÍ,1.0,0,0.0,0.0,CÁI_KM,1
PBG,BM_DEMO,,HỮU CƠ BMMINOTEC HÀNG DEMO - BAO 25KG,BM,1.0,0,0.0,0.0,Bao,1
THUỐC SÂU,NVT_DOFEN,,DOFENGOAL 50SC 250ML,NÔNG VIỆT THỊNH,1.0,190000,158000.0,0.0,Chai,1
THUỐC SÂU,NVT_PYFOS,,CHOPYFOS 400EC 450ML,NÔNG VIỆT THỊNH,1.0,190000,148500.0,0.0,Chai,1
THUỐC BỆNH,HKM_NIKA,,DURI CARE 240ML,NIKA,1.0,0,60000.0,0.0,CHAI KM,1
THUỐC BỆNH,NIKA_DURICA,,DURI CARE QUÉT SÌ MŨ 1L,NIKA,1.0,320000,220000.0,0.0,Chai,1
THUỐC SÂU,NVT_DRAMA,,DRAMA 2 MẦM LÁ 450ML,NÔNG VIỆT THỊNH,1.0,140000,106000.0,0.0,Chai,1
THUỐC SÂU,SP000321,,DRAMA 2 MẦM LÁ 450ML,NÔNG VIỆT THỊNH,30.0,4200000,3180000.0,0.0,THÙNG,1
THUỐC BỆNH,NVT_SIMAX,,DOSIMAX GOLD 240ML,NÔNG VIỆT THỊNH,1.0,250000,188000.0,0.0,Chai,1
PBG,BM_171717,,BM POWER 17-17-17 (25KG),BM,1.0,20000,17600.0,0.0,kg,1
PBG,BM_171717-1,,BM POWER 17-17-17 (25KG),BM,25.0,490000,440000.0,0.0,BAO,1
HỮU CƠ,BM_MINOTEC,,HỮU CƠ MINOTEC SUPER (25KG),BM,1.0,14000,9800.0,0.0,kg,1
HỮU CƠ,BM_MINOTEC-1,,HỮU CƠ MINOTEC SUPER (25KG),BM,25.0,320000,245000.0,0.0,BAO,1
PBL,APN_COMBI,,COMBI APN 30GRAM,AN PHÁT NÔNG,1.0,30000,22000.0,0.0,Gói,1
PBG,BM_TIM16520,,BM 16-5-20 TÍM BAO 25 KG,BM,1.0,30000,27200.0,0.0,kg,1
PBG,SP000304,,BM 16-5-20 TÍM BAO 25 KG,BM,25.0,730000,680000.0,0.0,Bao,1
PBL,NIKA_XCROP,,NIKA XCROP CAN 20LIT,NIKA,1.0,5200000,3600000.0,1.0,can,1
PBG,BM _TIM2455,,BM 24-5-5 TÍM BAO 25KG,BM,1.0,31000,27200.0,0.0,kg,1
PBG,BM _TIM2455-1,,BM 24-5-5 TÍM BAO 25KG,BM,25.0,760000,680000.0,0.0,BAO,1
PBL,SP000303,,CASTROL AMI 20LIT,NIKA,1.0,3900000,1850000.0,0.0,can,1
PBL,PTK_AMI5L,,CASTROL AMI 5LIT,NIKA,1.0,1050000,500000.0,0.0,can,1
PBL,HT_HUMIC,,SUPER HUMIC BỘT - LÌ XÌ TẾT 1KG,HỢP TRÍ,1.0,75000,86000.0,0.0,Gói,1
THUỐC SÂU,VT_PICANA,,RỆP SÁP 66 (PICANA 450EC) - 400ML,VIỆT TRUNG,1.0,160000,129991.68,570.0,Chai,1
THUỐC SÂU,VT_SIEUGON,,SIEUGON 370WP 100GR (BỌ CẠP ĐỎ),VIỆT TRUNG,1.0,35000,20401.92,0.0,Gói,1
THUỐC SÂU,SP000312,,SIEUGON 370WP 100GR (BỌ CẠP ĐỎ),VIỆT TRUNG,100.0,3500000,2040192.0,0.0,THÙNG,1
PBG,TH_301010,,30-10-10 NPK (25KG),,1.0,17000,12200.0,0.0,kg,1
PBG,TH_301010-1,,30-10-10 NPK (25KG),,25.0,410000,305000.0,0.0,BAO,1
PBG,NPK_201010,,NPK 20-10-10 BM (kg),BM,1.0,23000,19000.0,0.0,kg,1
PBG,SP000302,,NPK 20-10-10 BM (kg),BM,25.0,550000,475000.0,0.0,bao,1
PBL,APN_FRUSOME,,FRUSOME 8SL 200ML,AN PHÁT NÔNG,1.0,280000,234000.0,0.0,Chai,1
THUỐC SÂU,NVT_TRUNGRAY,,UNG TRỨNG RẦY 100GR,NÔNG VIỆT THỊNH,1.0,30000,17000.0,0.0,Gói,1
THUỐC SÂU,VT_GOLD260,,SÂU RỆP 66 (AKULA GOLD 260EW) - 450ML,VIỆT TRUNG,1.0,130000,98386.0,0.0,Chai,1
THUỐC SÂU,VT_CALICYDAN,,NHỆN 66 (CALICYDAN 150EW) - 450ML,VIỆT TRUNG,1.0,130000,100625.63,2.0,Chai,1
THUỐC BỆNH,VT_TITIONE,,AMIUSATOP 760WP 100GR,VIỆT TRUNG,1.0,75000,48222.0,0.0,Gói,1
THUỐC SÂU,VT_CHAVEZ,,CHAVEZ TIÊU RẦY 600WP 100gr,VIỆT TRUNG,1.0,60000,48840.0,0.0,GOI,1
THUỐC SÂU,VT_CHESONE,,RẦY THÁI (CHESONE) 100GR,VIỆT TRUNG,1.0,40000,28800.0,0.0,Gói,1
THUỐC SÂU,SP000313,,RẦY THÁI (CHESONE) 100GR,VIỆT TRUNG,100.0,4000000,2880000.0,0.0,THÙNG,1
THUỐC DƯỠNG,NVT_POWDER,,HUMATE POWDER 1KG,NÔNG VIỆT THỊNH,1.0,220000,120000.0,0.0,hủ,1
THUỐC SÂU,NVT_HEROTO,,HERO-TO 300ML,NÔNG VIỆT THỊNH,1.0,145000,125000.0,0.0,Chai,1
THUỐC BỆNH,NVT_DOCTORUC,,(DOBIN 250GR + PAROSA 250GR) DOCTOR ÚC 500GR,NÔNG VIỆT THỊNH,1.0,280000,230000.0,0.0,hủ,1
THUỐC SÂU,NVT _RAYXANHPRO50,,RẦY XANH PRO 50gr,NÔNG VIỆT THỊNH,1.0,25000,16500.0,0.0,Gói,1
HKM,HKM _HT,,HẠT NÊM 170GR,,1.0,0,0.0,0.0,,1
PBG,YARA_COMPLEX,,YARA COMPLEX (25KG ),YARA,1.0,28000,23750.0,0.0,kg,1
PBG,YARA_COMPLEX-1,,YARA COMPLEX (25KG ),YARA,25.0,670000,593750.0,0.0,Bao,1
PBL,UNIGREEN_15.30.15,,NPK 15-30-15 + TE 1KG,UNIGREEN,1.0,195000,0.0,0.0,Gói,1
THUỐC BỆNH,SUMMIT_LUNA,,LUNA 500SC,SUMMIT,1.0,210000,195000.0,0.0,chai,1
PBL,SP000300,,PTK 500 SIÊU VỌT ĐỌT 500GR,,1.0,65000,45000.0,0.0,hủ,1
PBG,NDLA_10600,,10-60-0 (10kg ),NONG DUOC LA,1.0,430000,350000.0,0.0,túi,1
PBG,SP000301,,10-60-0 (10kg ),NONG DUOC LA,0.1,44000,35000.0,0.0,kg,1
PBL,NDLA_CHONGSOC,,CHỐNG SỐC 250ML,NONG DUOC LA,1.0,85000,55000.0,0.0,chai,1
HKM,HKM_BINHDAHOPTRI,,BÌNH ĐÁ HT 3L,HỢP TRÍ,1.0,0,0.0,0.0,CÁI_KM,1
HKM,HKM_BEPDIEN,,BẾP ĐIỆN,,1.0,0,0.0,0.0,CÁI_KM,1
PBL,NDLA_13046,,13-0-46 RA HOA CỰC MẠNH 500ml,NONG DUOC LA,1.0,120000,65000.0,2.0,chai,1
PBL,NDLA_AO1000,,AO 1000 500ML,NONG DUOC LA,1.0,95000,65000.0,0.0,chai,1
THUỐC SÂU,HL_KHONGRAY,,KHONGRAY 100GR,HA LONG,1.0,32000,22000.0,0.0,gói,1
THUỐC BỆNH,NIKA_DRGREEN,,DR.GREEN 800WP 1KG,HITACO,1.0,280000,180000.0,0.0,gói,1
PBL,TV_GROWMAX5,,GROW MAX 5 LÍT,TRE VIET,1.0,850000,600000.0,0.0,can,1
THUỐC CỎ,HL_GLUFOCIDE,,GLUPHOCIDE 200SL 900ML,HA LONG,1.0,85000,60000.0,0.0,Chai,1
THUỐC SÂU,HL_NOSAU,,NOSAU 85WP 100GR,HA LONG,1.0,65000,45000.0,0.0,Gói,1
THUỐC SÂU,HL_NOFARA,,NOFARA 3 WG CỐM (50 GR),HA LONG,1.0,25000,9000.0,0.0,Gói,1
PBL,TV_GROWROOT,,GROW ROOT 1 LÍT,TRE VIET,1.0,185000,105000.0,0.0,Chai,1
PBL,TV_GROWMAX,,GROW MAX 1 LÍT,TRE VIET,1.0,195000,115000.0,0.0,Chai,1
THUỐC SÂU,HC_TAKUMI,,TAKUMI 50GR CỐM,AA,1.0,105000,102000.0,0.0,Chai,1
THUỐC SÂU,HL_YAPOKO,,YAPOKO 250SC 240ML (CHÀO MÀO LỬA),HA LONG,1.0,85000,30500.0,0.0,chai,1
THUỐC SÂU,HL_CYRIN,,CYRIN SUPER 250EC 480ML,HA LONG,1.0,75000,45500.0,0.0,chai,1
THUỐC BỆNH,HL_JAPAVIL,,JAPA VIL 110SC 1 LÍT,HA LONG,1.0,170000,80000.0,0.0,chai,1
PBL,NDLA_COMBI,,COMBI 5 KG,NONG DUOC LA,1.0,185000,125000.0,0.0,Túi,1
PBL,APN_BOTRAC,,BOTRAC GOLD 500ML (BOR 10%),AN PHÁT NÔNG,1.0,86000,66000.0,0.0,Chai,1
PBL,APN_PLUS,,APN PLUS 250ML,AN PHÁT NÔNG,1.0,99000,84000.0,0.0,chai,1
HỮU CƠ,PTK _ACTIVEGOLD,,HỮU CƠ ACTIVE GOLD 322 (25KG ),PTK,1.0,16000,9000.0,0.0,kg,1
HỮU CƠ,PTK _ACTIVEGOLD-1,,HỮU CƠ ACTIVE GOLD 322 (25KG ),PTK,25.0,375000,225000.0,0.0,Bao,1
THUỐC BỆNH,HP_AMTECH250,,AMTECH 250ML,HP,1.0,105000,67201.83,0.0,Chai,1
PBG,PQL_9257,,NPK 9-25-17 (25 KG),,1.0,23000,19282.4,0.0,kg,1
PBG,SP000299,,NPK 9-25-17 (25 KG),,25.0,540000,482060.0,0.0,bao,1
PBL,TOBA_AGRO,,AGRO TRONG 1 LÍT,TOBA,1.0,210000,0.0,0.0,Chai,1
PBG,YARA_WINER,,YARA WINER 15-9-20 (25KG),YARA,1.0,27000,23044.07,0.0,kg,1
PBG,YARA_WINER-1,,YARA WINER 15-9-20 (25KG),YARA,25.0,660000,576101.75,0.0,Bao,1
PBL,APN_MKPI,,MKPI PHOSPHITE 450GR,AN PHÁT NÔNG,1.0,85000,68000.0,0.0,hũ,1
THUỐC SÂU,NVT_DORAM100,,DORAMTO 100GR,NÔNG VIỆT THỊNH,1.0,80000,68000.0,0.0,gói,1
THUỐC SÂU,NVT_FISAU,,FISAU 450ML,NÔNG VIỆT THỊNH,1.0,180000,145000.0,0.0,chai,1
THUỐC SÂU,NVT_DOBAMPER,,DOBAMPER 100GR,NÔNG VIỆT THỊNH,1.0,60000,42500.0,0.0,gói,1
PBL,UNIGREEN_BLOOM5,,BLOOM 500GR,UNIGREEN,1.0,99000,99000.0,0.0,hộp,1
PBL,UNIGREEN_MKP,,MKP PHOSKA,UNIGREEN,1.0,115000,95000.0,0.0,gói,1
PBL,UNIGREEN_63030,,NPK 6-30-30,UNIGREEN,1.0,105000,84600.0,0.0,hộp,1
PBL,UNIGREEN_153015,,NPK 15-30-15 500GR,UNIGREEN,1.0,105000,0.0,0.0,hộp,1
PBL,UNIGREEN_BLOOM1KG,,BLOOM 1KG,UNIGREEN,1.0,180000,180000.0,0.0,hộp,1
PBL,UNIGREEN_202020,,NPK 20-20-20 500GR,UNIGREEN,1.0,105000,84600.0,0.0,hộp,1
PBL,UNIGREEN_FULVIC,,FULVIC 760 1 LÍT,UNIGREEN,1.0,130000,0.0,0.0,chai,1
PBL,SP000298,,MICRO TRICHO,AA,1.0,135000,95000.0,0.0,hũ,1
THUỐC BỆNH,APN_620500,,ARIGOLD 620 500ML,AN PHÁT NÔNG,1.0,150000,133000.0,0.0,chai,1
PBL,NIKA_STRONG666,,STRONG 666 1 LÍT,NIKA,1.0,165000,115000.0,0.0,chai,1
PBL,SP000295,,STRONG 666 1 LÍT,NIKA,20.0,3300000,2300000.0,0.0,THÙNG,1
PBL,"VPC_VIPAC 2,5KG",,"VIPAC 88 2,5KG",VIPESCO,1.0,215000,128000.0,0.0,hũ,1
PBL,SP000296,,"VIPAC 88 2,5KG",VIPESCO,6.0,1290000,768000.0,0.0,THÙNG,1
PBG,YARA_121217,,YARA MILA SUPER 12-12-17 (25KG),YARA,1.0,27000,24400.0,0.0,kg,1
PBG,YARA_121217-1,,YARA MILA SUPER 12-12-17 (25KG),YARA,25.0,650000,610000.0,0.0,Bao,1
PBL,NDLA_Booster,,BOOSTER PRO (10 LÍT),NONG DUOC LA,1.0,1600000,950000.0,0.0,can,1
THUỐC SÂU,APN_HELLO480,,HELLO ONE 480ML,AN PHÁT NÔNG,1.0,180000,145000.0,0.0,chai,1
PBG,NPK_103015,,NPK 10-30-15 (25KG),,1.0,25000,18278.72,0.0,kg,1
PBG,NPK_103015-1,,NPK 10-30-15 (25KG),,25.0,610000,456968.0,0.0,Bao,1
PBG,NPK_25255,,NPK 25-25-5 (25KG),,1.0,27000,17937.85,0.0,kg,1
PBG,NPK_25255-1,,NPK 25-25-5 (25KG),,25.0,650000,448446.25,0.0,Bao,1
PBG,NIKA_ULTRACROP,,ULTRA CROP,NIKA,1.0,970000,570000.0,0.0,can,1
PBG,CAHEO_15_5_25,,NPK 15-5-25 ( BAO TÍM 25KG),CÁ HEO,1.0,19000,13100.0,0.0,kg,1
PBG,SP000294,,NPK 15-5-25 ( BAO TÍM 25KG),CÁ HEO,25.0,460000,327500.0,0.0,bao,1
PBG,CAHEO_TRUNGVILUONG,,MICRO ROOT (25KG),CÁ HEO,1.0,15000,8900.0,0.0,kg,1
PBG,SP000293,,MICRO ROOT (25KG),CÁ HEO,25.0,350000,222500.0,0.0,bao,1
PBL,NPK_3311,,NPK 33-11-11 THÁI LAN 500GR,CÁ HEO,1.0,55000,53100.0,0.0,hủ,1
HKM,MAY ĐO PH,,MÁY ĐO PH,PTK,1.0,1300000,0.0,0.0,Cái,1
HKM,SP000297,,MÁY ĐO PH,PTK,1.0,0,0.0,0.0,CÁI_KM,1
PBG,BCC_20-15-10,,ANTI ALUM 20-15-10 (BAO 50 KG),BACONCO,1.0,21000,16100.0,0.0,kg,1
PBG,BCC_20-15-10-1,,ANTI ALUM 20-15-10 (BAO 50 KG),BACONCO,50.0,970000,805000.0,0.0,Bao,1
HỮU CƠ,PQL_BM,,HỮU CƠ ĐỨC (25KG),,1.0,11000,9200.0,0.0,kg,1
HỮU CƠ,SP000292,,HỮU CƠ ĐỨC (25KG),,25.0,250000,230000.0,0.0,Bao,1
HỮU CƠ,PQL_UC,,HỮU CƠ ÚC (CHUỘT TÚI ) 25 KG,,1.0,15000,12000.0,0.0,kg,1
HỮU CƠ,SP000291,,HỮU CƠ ÚC (CHUỘT TÚI ) 25 KG,,25.0,360000,300000.0,0.0,bao,1
HỮU CƠ,PQL_BMUC,,HỮU CƠ BM ÚC (BAO TRẮNG 25KG),,1.0,16000,13400.0,0.0,kg,1
HỮU CƠ,SP000290,,HỮU CƠ BM ÚC (BAO TRẮNG 25KG),,25.0,385000,335000.0,0.0,bao,1
PBL,NN_HUMK,,HUM K BIO FISH 5 LIT,,1.0,105000,90000.0,0.0,,1
THUỐC SÂU,NN_VITHADAN,,VITHADAN 200GR,,1.0,34000,32000.0,0.0,Gói,1
HKM,BIORICH,,PHÂN BÓN HỮU CƠ WADA (25KG),,1.0,0,0.0,0.0,BAO KM,1
THUỐC CỎ,VPC_WEEDIE,,WEEDIE 10GR,VIPESCO,1.0,18000,18900.0,0.0,Gói,1
PBL,NDLA_NANGPH,,PH BALANCE (5LÍT ),NONG DUOC LA,1.0,750000,600000.0,0.0,can,1
THUỐC SÂU,NVT_BÁM DÍNH 100ML,,BÁM DÍNH 102 (100ML),NÔNG VIỆT THỊNH,1.0,50000,30000.0,0.0,Chai,1
PBL,APN_OVERGREN20,,OVERGREEN GOLD 20 LÍT,AN PHÁT NÔNG,1.0,3400000,2500000.0,0.0,can,1
PBL,APN_7544,,APN 7-5-44 250G,AN PHÁT NÔNG,1.0,28000,20000.0,0.0,Gói,1
THUỐC SÂU,NVT_HERONOVI,,HERO NOVI,NÔNG VIỆT THỊNH,1.0,16000,13000.0,0.0,gói,1
THUỐC SÂU,NVT_SAURAYKC,,SÂU RẦY KIM CƯƠNG,NÔNG VIỆT THỊNH,1.0,15000,10000.0,0.0,gói,1
HKM,HKM_THAURP,,THAU RẢI PHÂN YARA,,1.0,0,0.0,0.0,Cái,1
THUỐC BỆNH,APN_KHUAN,,KHUẨN APN +++ 240ML,AN PHÁT NÔNG,1.0,135000,105000.0,0.0,Chai,1
THUỐC BỆNH,APN_ELIXIR,,ELIXIR 1 KG,AN PHÁT NÔNG,1.0,280000,238000.0,0.0,Gói,1
PBG,PQL_KALI,,KALI SULPHATE (KALI TRẮNG ) 25KG,,1.0,21000,19600.0,0.0,kg,1
PBG,SP000288,,KALI SULPHATE (KALI TRẮNG ) 25KG,,25.0,510000,490000.0,0.0,Bao,1
THUỐC SÂU,NVT_HERO,,HERO CHESS 100GR,NÔNG VIỆT THỊNH,1.0,60000,45000.0,0.0,Gói,1
PBL,TOBA_AGROSTRONG,,AGRO STRONG 5 LÍT,TOBA,1.0,950000,830000.0,0.0,can,1
PBL,TOBA_XANH,,TOBA XANH 1LÍT,TOBA,1.0,210000,175000.0,0.0,Chai,1
HKM,HKM_QUẠT,,QUẠT MÁY SENKO,,1.0,0,340000.0,2.0,CÁI_KM,1
HỮU CƠ,PQL_HCDƠI,,HỮU CƠ DƠI OGRANIC VANTECH,,1.0,10000,7600.0,0.0,kg,1
HỮU CƠ,SP000286,,HỮU CƠ DƠI OGRANIC VANTECH,,25.0,250000,190000.0,0.0,Bao,1
THUỐC SÂU,VPC_VIPER1LIT,,VIPER 1 LÍT,VIPESCO,1.0,530000,483600.0,0.0,Chai,1
HKM,HKM_AOTHUN,,ÁO THUN YARA,,1.0,0,0.0,5.0,Cái,1
THUỐC SÂU,NVT_OISHIN,,OISHIN 10GR,NÔNG VIỆT THỊNH,1.0,12000,7000.0,0.0,Gói,1
THUỐC SÂU,NVT_RAPROMAX,,RẦY XANH PRO MAX 50GR,NÔNG VIỆT THỊNH,1.0,50000,29808.96,0.0,gói,1
THUỐC SÂU,NVT_RAYXANHPRO,,RẦY XANH PRO 100gr,NÔNG VIỆT THỊNH,1.0,45000,35000.0,0.0,gói,1
THUỐC SÂU,NVT_THANSAM,,THẦN SẤM DIỆT RẦY 100GR,NÔNG VIỆT THỊNH,1.0,48000,35000.0,0.0,gói,1
THUỐC BỆNH,VPC_VISEN100,,VISEN 20SC 100ML,VIPESCO,1.0,55000,50000.0,0.0,Chai,1
PBL,NIKA_,,AMINO EXTRA 500ML,NIKA,1.0,145000,84000.0,0.0,Chai,1
HKM,HKM_THAURAIPHAN,,THAU RẢI PHÂN TRE VIỆT,,1.0,0,0.0,0.0,Cái,1
PBG,TV_202015,,TV _NPK 20-20-15 (bao 50 kg ),TRE VIET,1.0,17000,13200.0,0.0,kg,1
PBG,SP000281,,TV _NPK 20-20-15 (bao 50 kg ),TRE VIET,50.0,820000,660000.0,0.0,bao,1
HỮU CƠ,TOBA_HUUCO,,HỮU CƠ ÚC ( XANH LÁ 30KG),,1.0,19000,16500.0,0.0,kg,1
HỮU CƠ,TOBA_HUUCO-1,,HỮU CƠ ÚC ( XANH LÁ 30KG),,30.0,550000,495000.0,0.0,Bao,1
THUỐC SÂU,HC_YAMIDA,,YAMIDA 100GR,,1.0,13000,10500.0,0.0,Gói,1
THUỐC SÂU,SP000280,,YAMIDA 100GR,,100.0,1200000,1050000.0,0.0,THÙNG,1
PBL,NDLA_AMINO,,AMINO ORGANIC,NONG DUOC LA,1.0,120000,75000.0,0.0,Chai,1
PBL,NDLA_PK88,,PK 88 EXTRA,NONG DUOC LA,1.0,135000,77000.0,0.0,Chai,1
PBL,NDLA_PK50,,PK50 EXTRA,NONG DUOC LA,1.0,120000,75000.0,0.0,Chai,1
PBL,SP000319,,PK50 EXTRA,NONG DUOC LA,40.0,4800000,3000000.0,0.0,THÙNG,1
PBL,NDLA_MEPI,,MEPI EXTRA,NONG DUOC LA,1.0,150000,110000.0,0.0,Chai,1
PBL,NDLA_MANCOZIN,,MANCOZIN M95,NONG DUOC LA,1.0,95000,70000.0,0.0,Chai,1
PBL,NDLA_UNI100,,UNI 100 EXTRA,NONG DUOC LA,1.0,165000,100000.0,0.0,Chai,1
THUỐC BỆNH,SP000279,,SPRAY PHOS 620SL (1 LÍT ),TOBA,1.0,300000,270000.0,0.0,chai,1
HKM,HKM_DONGHO,,ĐỒNG HỒ TREO TƯỜNG,HỢP TRÍ,1.0,0,0.0,0.0,,1
THUỐC SÂU,HP_MOPRIDE100,,MOPRIDE 100GR,HP,1.0,50000,35214.0,0.0,Gói,1
THUỐC SÂU,HP_MOPRIDE15,,MOPRIDE 15GR,HP,1.0,12000,6476.0,0.0,GOI,1
THUỐC CỎ,HP_TIGUAN450,,TIGUAN 150SL 450ML,HP,1.0,60000,40037.06,0.0,Chai,1
THUỐC CỎ,HP_TIGUAN450-1,,TIGUAN 150SL 450ML,HP,30.0,1800000,1201111.8,0.0,THÙNG,1
THUỐC BỆNH,TL_HERO,,MAP HERO 100GR,,1.0,85000,74000.0,0.0,Gói,1
THUỐC BỆNH,TL_HERO-1,,MAP HERO 100GR,,100.0,8500000,7400000.0,0.0,THÙNG,1
THUỐC SÂU,TL_JONO,,MAP JONO 40GR,,1.0,60000,45000.0,0.0,Gói,1
THUỐC SÂU,TL_JONO-1,,MAP JONO 40GR,,100.0,6000000,4500000.0,0.0,THÙNG,1
THUỐC SÂU,TL_MAPDONA,,MAP DONA,,1.0,220000,186000.0,0.0,Chai,1
THUỐC SÂU,TL_MAPDONA-1,,MAP DONA,,20.0,4400000,3720000.0,0.0,THÙNG,1
PBL,TL_BONSAI,,BONSAI 25SC 500ML,,1.0,190000,165000.0,0.0,Chai,1
PBL,TL_BONSAI-1,,BONSAI 25SC 500ML,,20.0,3800000,3300000.0,0.0,THÙNG,1
HKM,HKM_BÌNHĐUN,,BÌNH ĐUN SIÊU TỐC,,1.0,0,40000.0,3.0,CÁI_KM,1
HKM,HKM_MAYXAY,,MÁY XAY SINH TỐ,,1.0,0,360000.0,13.0,Cái,1
PBG,BM_2487,,BM ENTECH 24-8-7 (25KG),BM,1.0,27000,23300.0,0.0,kg,1
PBG,BM_2487-1,,BM ENTECH 24-8-7 (25KG),BM,25.0,640000,582500.0,0.0,Bao,1
PBL,PTK_P52,,P52 PRO MAX,NIKA,1.0,165000,94500.0,0.0,Chai,1
PBL,PTK_P52-1,,P52 PRO MAX,NIKA,40.0,6400000,3780000.0,0.0,THÙNG,1
PBG,BM_151515,,BM 15-15-15 (25KG),,1.0,25000,23600.0,0.0,kg,1
PBG,BM_151515-1,,BM 15-15-15 (25KG),,25.0,610000,590000.0,0.0,Bao,1
THUỐC SÂU,VPC_TETRAZIN,,TETRAZIN 450ML,VIPESCO,1.0,200000,175000.0,0.0,chai,1
THUỐC SÂU,SP000277,,TETRAZIN 450ML,VIPESCO,30.0,6000000,5250000.0,0.0,Thùng,1
THUỐC SÂU,ADAMA_YASMINE,,YASMINE 19EC 100ML,ADAMA,1.0,45000,48700.0,0.0,CHAI,1
THUỐC BỆNH,ADAMA_MAINEX,,MAINEX 50SC 1 LÍT,ADAMA,1.0,125000,89000.0,0.0,Chai,1
THUỐC SÂU,HP_WILSON,,WILSON 100ML,HP,1.0,75000,50143.87,0.0,Chai,1
THUỐC SÂU,APN_RONGLUA,,RỒNG LỬA GOLDKTE 450ML,AN PHÁT NÔNG,1.0,145000,115000.0,0.0,Chai,1
THUỐC SÂU,APN_RONGLUA-1,,RỒNG LỬA GOLDKTE 450ML,AN PHÁT NÔNG,30.0,4350000,3450000.0,0.0,THÙNG,1
PBL,PTK_CASLUA,,CASTRO AMI LÚA,PTK,1.0,120000,66500.0,0.0,chai,1
PBL,SP000276,,CASTRO AMI LÚA,PTK,40.0,4800000,2660000.0,0.0,thùng,1
PBL,SP000278,,CASTRO AMI LÚA,PTK,1.0,0,66500.0,0.0,CHAI KM,1
HỮU CƠ,BM_161616,,BM Yuroka 16-16-16 (50 kg),BM,1.0,19000,16900.0,0.0,kg,1
HỮU CƠ,BM_161616-1,,BM Yuroka 16-16-16 (50 kg),BM,50.0,875000,845000.0,0.0,Bao,1
THUỐC SÂU,VPC_CENTRUM,,CENTRUM 100GR,VIPESCO,1.0,85000,78204.0,0.0,Gói,1
THUỐC SÂU,VPC_CENTRUM-1,,CENTRUM 100GR,VIPESCO,100.0,8500000,7820400.0,0.0,THÙNG,1
PBL,TV_LONTRAI,,LỚN TRÁI CHANH TẮC 500ML,TRE VIET,1.0,80000,32000.0,0.0,Chai,1
PBL,TV_LONTRAI-1,,LỚN TRÁI CHANH TẮC 500ML,TRE VIET,40.0,3200000,1280000.0,0.0,THÙNG,1
HỮU CƠ,SENTRA,,HỮU CƠ HÀ LAN CON VOI 25KG,SENTRA,1.0,13000,7900.0,0.0,kg,1
HỮU CƠ,SENTRA-1,,HỮU CƠ HÀ LAN CON VOI 25KG,SENTRA,25.0,290000,197500.0,0.0,Bao,1
PBL,FF_TOP,,TOPMICRO 20G,FUTURER FARM,1.0,26000,23000.0,0.0,Gói,1
PBL,FF_TOP-1,,TOPMICRO 20G,FUTURER FARM,500.0,13000000,11500000.0,0.0,THÙNG,1
PBL,FF_BO,,PROFARM BOR 50GR,FUTURER FARM,1.0,28000,13000.0,0.0,Gói,1
PBL,FF_BO-1,,PROFARM BOR 50GR,FUTURER FARM,200.0,5600000,2600000.0,0.0,THÙNG,1
PBL,FF_CANXI,,PROFARM CANXI BO KẼM (500 ML),FUTURER FARM,1.0,135000,105000.0,0.0,Chai,1
PBL,FF_CANXI-1,,PROFARM CANXI BO KẼM (500 ML),FUTURER FARM,40.0,5400000,4200000.0,0.0,THÙNG,1
HKM,HKM_BIAKEN,,BIA HENIKEN,BCC,1.0,0,0.0,0.0,thung,1
HKM,HKM_HT,,THÙNG ĐÁ 58 LIT,BCC,1.0,0,0.0,1.0,Cái,1
HỮU CƠ,BM_HCNHAT60,,HỮU CƠ NHẬT 60%,BA MIỀN,1.0,9000,5900.0,0.0,kg,1
HỮU CƠ,BM_HCNHAT60-1,,HỮU CƠ NHẬT 60%,BA MIỀN,25.0,200000,147500.0,0.0,Bao,1
PBL,APN_OVERGOLD,,OVER GREEN GOLD 5 LÍT,AN PHÁT NÔNG,1.0,900000,670000.0,0.0,can,1
PBL,APN_OVERGOLD-1,,OVER GREEN GOLD 5 LÍT,AN PHÁT NÔNG,4.0,3600000,2680000.0,0.0,THÙNG,1
PBL,TV_15XANHLA,,15-15-15 CHUYÊN SẦU RIÊNG ( 10 LÍT ),,1.0,850000,465000.0,0.0,can,1
PBL,TV_151515,,CHUYÊN SẦU RIÊNG 15-15-15 (20 LÍT),PTK,1.0,1650000,930000.0,0.0,can,1
PBL,PTK_PHOSPHITE,,PHOSPHITE 58-38,NIKA,1.0,95000,70000.0,0.0,hủ,1
PBL,PTK_PHOSPHITE-1,,PHOSPHITE 58-38,NIKA,40.0,3800000,2800000.0,0.0,THÙNG,1
PBL,PTK_CYTOKALI,,CYTO KALI,NIKA,1.0,105000,73500.0,0.0,Chai,1
PBL,PTK_CYTOKALI-1,,CYTO KALI,NIKA,40.0,4200000,2940000.0,0.0,THÙNG,1
PBL,NIKA_SILIKA,,SILIKAMAX,NIKA,1.0,120000,80500.0,0.0,Chai,1
PBL,PTK_SILIKA-1,,SILIKAMAX,NIKA,40.0,4800000,3220000.0,0.0,THÙNG,1
PBL,PTK_CASTROL,,CASTROL AMI,NIKA,1.0,120000,66500.0,0.0,Chai,1
PBL,HT_HUMIC ZN,,HUMIC ZN 1 LÍT,HỢP TRÍ,1.0,120000,67400.0,0.0,Chai,1
PBL,HT_HUMIC ZN-1,,HUMIC ZN 1 LÍT,HỢP TRÍ,20.0,2400000,1348000.0,0.0,THÙNG,1
PBG,NPK_301010USA,,30-10-10 USA (25KG ),PTK,1.0,16000,12100.0,0.0,kg,1
PBG,SP000275,,30-10-10 USA (25KG ),PTK,25.0,380000,302500.0,0.0,Bao,1
PBG,SP000273,,GSN -CANXI NITRABOR ( 25KG ),GARSONI,1.0,15000,9600.0,0.0,kg,1
PBG,SP000274,,GSN -CANXI NITRABOR ( 25KG ),GARSONI,25.0,355000,240000.0,0.0,Bao,1
THUỐC SÂU,NVT_NOVIONE,,NOVI ONE 450ml,,1.0,190000,160000.0,0.0,chai,1
PBG,GSN_181818,,GSN 18-18-18 ( 50KG ),GARSONI,1.0,20000,15900.0,0.0,Kg,1
PBG,SP000272,,GSN 18-18-18 ( 50KG ),GARSONI,50.0,945000,795000.0,0.0,Bao,1
HKM,SP000271,,VOUCHER MUA HÀNG 1000.000,,1.0,0,0.0,0.0,,1
PBL,TV_MAGIE 1110,,SIÊU MAGIE 11 - 10 ( 1KG ),TRE VIET,1.0,65000,47000.0,0.0,Gói,1
PBL,SP000315,,SIÊU MAGIE 11 - 10 ( 1KG ),TRE VIET,25.0,1625000,1175000.0,0.0,THÙNG,1
PBL,TV_DAMCASR20L,,ĐẠM CÁ HỒI SẦU RIÊNG 20 LÍT,TRE VIET,1.0,1500000,930000.0,0.0,can,1
THUỐC SÂU,SUMMIT_NISSO,,NISSORUN 200ML,SUMMIT,1.0,120000,96000.0,0.0,Chai,1
THUỐC SÂU,HP_LISA,,LISARA 200SC ( 200ML ),HP,1.0,210000,169651.33,40.0,Chai,1
THUỐC SÂU,SP000359,,LISARA 200SC ( 200ML ),HP,40.0,8400000,6786053.2,1.0,THÙNG,1
PBG,TH_BIO25,,URE BIO XANH ( 25KG ),,1.0,14000,11320.0,0.0,Kg,1
PBG,SP000269,,URE BIO XANH ( 25KG ),,25.0,335000,283000.0,0.0,Bao,1
THUỐC SÂU,SUMMIT_SHEBA,,SHEBA 50EW ( 80ML ),SUMMIT,1.0,85000,74000.0,0.0,Chai,1
PBG,YARA_2116,,MIXA 21-21-16 ( 50KG ),YARA,1.0,19000,16000.0,0.0,kg,1
PBG,SP000268,,MIXA 21-21-16 ( 50KG ),YARA,50.0,905000,800000.0,0.0,Bao,1
PBL,APN_NUTRIACTIVE1L,,NUTRI ACTIVE (1 LÍT),AN PHÁT NÔNG,1.0,320000,246000.0,0.0,Chai,1
PBL,APN_OVER,,OVER GREEN CAL 5LIT,AN PHÁT NÔNG,1.0,900000,530000.0,0.0,can,1
PBL,HC_FLOWER,,"FLOWER 95 0,3SL (100ML)",,1.0,18000,15800.0,0.0,Chai,1
PBL,LOCNONG_ATON,,ATON AZ ( 250ML ),LỘC NÔNG,1.0,85000,68000.0,0.0,Chai,1
PBL,LOCNONG_BORA,,BORAMIN CA ( 250 ML ),LỘC NÔNG,1.0,85000,68000.0,0.0,Chai,1
PBL,LOCNONG_TRADE,,TRADEBOR ( 250ML ),LỘC NÔNG,1.0,85000,72250.0,0.0,Chai,1
PBL,NIKA_SUKA,,SUKATO 500ML,NIKA,1.0,135000,70000.0,0.0,Chai,1
THUỐC SÂU,VPC_VIFASTNHOM,,VIFAST 10SC NHÔM ( 480ML ),VIPESCO,1.0,115000,94500.0,0.0,Chai,1
THUỐC SÂU,APN_HELLOONE,,HELLO ONE 550EC ( 240ML ),AN PHÁT NÔNG,1.0,96000,76000.0,0.0,Chai,1
THUỐC BỆNH,APN_ZIPRA,,ZIPRA 80WP ( 500GR ),AN PHÁT NÔNG,1.0,155000,125000.0,0.0,Gói,1
PBL,APN_CALYP,,CALYP WELL ( 500ML ),AN PHÁT NÔNG,1.0,225000,169391.37,0.0,Chai,1
THUỐC SÂU,HT_ACTI100,,ACTIMAX 100GR,HỢP TRÍ,1.0,90000,90000.0,0.0,Chai,1
THUỐC SÂU,VPC_DAUMOI,,DẦU MỐI M4 (480ML),VIPESCO,1.0,40000,36000.0,0.0,Chai,1
PBG,GSN_202015,,GSN 20-20-15 (25KG),GARSONI,1.0,23000,18100.0,0.0,kg,1
PBG,SP000263,,GSN 20-20-15 (25KG),GARSONI,25.0,545000,452500.0,0.0,Bao,1
THUỐC SÂU,NN_CONFI50,,CONFIDOR 50ML,BAYER,1.0,75000,49000.0,0.0,Chai,1
THUỐC SÂU,NN_ISACOP500,,"ISACOP 65,2 WP ( 500GR )",,1.0,120000,114500.0,0.0,Gói,1
THUỐC SÂU,MEKONG_CONPHAI,,CONPHAI 50GR,,1.0,70000,52000.0,0.0,Gói,1
HKM,HKM_AOTHUNHT,,ÁO THUN HỢP TRÍ,BCC,1.0,0,0.0,0.0,Cái,1
HỮU CƠ,YARA_SUNA,,YARA SUNA - HỮU CƠ 2-2-3 ( 25KG ),YARA,1.0,14000,9500.0,0.0,kg,1
HỮU CƠ,YARA_SUNA-1,,YARA SUNA - HỮU CƠ 2-2-3 ( 25KG ),YARA,25.0,320000,237500.0,0.0,Bao,1
HKM,HKM_CHENADA,,BỘ CHÉN ADAMA,,1.0,0,0.0,17.0,Bộ,1
HKM,HKM_AOTHUNADA,,ÁO THUN ADAMA,,1.0,0,0.0,0.0,Cái,1
HKM,HKM_NONADAMA,,NÓN TAI BÈO ADAMA,,1.0,0,0.0,0.0,Cái,1
PBG,TH_DAPTP,,DAP TƯỜNG PHONG ( 50KG ),,1.0,19000,17000.0,0.0,kg,1
PBG,TH_DAPTP-1,,DAP TƯỜNG PHONG ( 50KG ),,50.0,900000,850000.0,0.0,Bao,1
PBG,SP000261,,URE CÀ MAU XANH - BIO ( 40KG ),AA,1.0,15000,11500.0,0.0,kg,1
PBG,SP000262,,URE CÀ MAU XANH - BIO ( 40KG ),AA,40.0,565000,460000.0,0.0,Bao,1
THUỐC SÂU,APN_BOX,,BOXING - THẦN CÔNG DRONE ( 480ML ),AN PHÁT NÔNG,1.0,150000,120000.0,0.0,Chai,1
THUỐC SÂU,APN_RED,,REDMINE - CÓC THẦN ( 200ML ),AN PHÁT NÔNG,1.0,146000,126000.0,0.0,Chai,1
HKM,HKM_CANUOCDA,,CA NƯỚC ĐÁ,BCC,1.0,0,0.0,0.0,Cái,1
PBL,HT_202020,,NPK 20-20-20 + TE 250 GR,HỢP TRÍ,1.0,55000,37200.0,0.0,hủ,1
PBL,HT_105510,,10-55-10 500GR,HỢP TRÍ,1.0,80000,67700.0,0.0,hủ,1
PBL,HT_BOROCA500,,BOROCA 500GR,HỢP TRÍ,1.0,80000,47300.0,0.0,hủ,1
PBL,HT_BOROCA250,,BOROCA 250GR,HỢP TRÍ,1.0,45000,26300.0,0.0,hủ,1
PBL,HT_ZNMN,,HUMIC ZN - MN 5 LÍT,HỢP TRÍ,1.0,550000,328900.0,0.0,can,1
PBL,HT_1052,,NPK 10-5-2 5 LÍT,HỢP TRÍ,1.0,650000,503800.0,0.0,can,1
THUỐC SÂU,NN_TAKUMI,,TAKUMI ( 8GR ),,1.0,18000,16750.0,0.0,Gói,1
THUỐC SÂU,ADAMA_CORMO,,CORMORAN 180EC (240ML),ADAMA,1.0,190000,164000.0,0.0,Chai,1
THUỐC BỆNH,ADAMA_FOL,,FOLPAN 50WP ( 100GR ),ADAMA,1.0,30000,26600.0,5.0,Gói,1
THUỐC SÂU,ADAMA_GALIL,,GALIL 300SC ( 100ML ),ADAMA,1.0,80000,73300.0,0.0,Chai,1
THUỐC BỆNH,ADAMA_CUSTO,,CUSTODIA 320SC ( 250ML ),ADAMA,1.0,280000,299800.0,0.0,Chai,1
THUỐC BỆNH,ADAMA_MASTER,,MASTERCOP 21SL (240ML),ADAMA,1.0,110000,116500.0,0.0,Chai,1
HKM,HKM_NUOCMAM,,NƯỚC MẮM 5 LÍT,,1.0,0,0.0,0.0,Can,1
HKM,HKM_BIA,,BIA TIGER,NÔNG VIỆT THỊNH,1.0,0,0.0,19.0,Thùng,1
PBG,SP000257,,URE CÀ MAU XANH - N46 PLUS ( 50KG ),AA,1.0,16000,13000.0,0.0,kg,1
PBG,SP000258,,URE CÀ MAU XANH - N46 PLUS ( 50KG ),AA,50.0,730000,650000.0,0.0,Bao,1
PBL,BASF_CEVY,,CEVYA 400SC ( 100ML ).,BASF,1.0,180000,164000.0,0.0,Chai,1
PBL,NIKA_SILIC,,KALI SILIC ( NAVI 4-14) 500ML,NIKA,1.0,120000,95000.0,0.0,Chai,1
PBG,SP000255,,20-10-10 ĐỨC XANH ( 25KG ),,1.0,25000,23600.0,0.0,kg,1
PBG,SP000256,,20-10-10 ĐỨC XANH ( 25KG ),,25.0,610000,590000.0,0.0,Bao,1
HKM,HKM_BINH10L,,BÌNH ĐÁ XANH 10 LÍT,,1.0,0,0.0,0.0,Cái,1
HKM,HKM_BEPNUONG,,BẾP NƯỚNG SUNHOUSE,,1.0,0,0.0,0.0,Cái,1
PBL,BCC_BMO,,COFOLI BMO 250ML,BACONCO,1.0,115000,80000.0,0.0,Chai,1
THUỐC CHUỘT,VPC_VIFARATVIEN,,VIFARAT 0.0005% ( VIÊN ),VIPESCO,1.0,10000,8400.0,0.0,Gói,1
PBG,CAHEO_KALI,,KALI TRẮNG CÁ HEO ( 25KG ).,,1.0,27000,20400.0,0.0,kg,1
PBG,CAHEO_KALI-1,,KALI TRẮNG CÁ HEO ( 25KG ).,,25.0,650000,510000.0,0.0,Bao,1
THUỐC SÂU,PT_NUOCTRONG5.0,,RESGANSUPER 5.0 EC NƯỚC TRONG ( 450ML ),TY PHUC THINH,1.0,105000,64843.37,0.0,Chai,1
THUỐC CỎ,PT_TRAURUNG,,TRÂU RỪNG ĐEN 150SL ( 900ML ),TY PHUC THINH,1.0,40000,36000.0,200.0,Chai,1
THUỐC CỎ,SP000365,,TRÂU RỪNG ĐEN 150SL ( 900ML ),TY PHUC THINH,20.0,800000,720000.0,10.0,THÙNG,1
PBL,HC_TOBA100,,TOBAJUM 100GR,AA,1.0,25000,22000.0,0.0,Gói,1
PBL,AGRINO_FERTI,,FERTIGONIA 13-30-20 (1 KG),AGRINO,1.0,165000,88000.0,0.0,Hộp,1
PBL,AGRINO_CYTO250ML,,CYTOKING 250 ML,AGRINO,1.0,115000,54500.0,0.0,Chai,1
PBL,AGRI_CYTO25ML,,CYTOKING 25 ML,AGRINO,1.0,15000,6550.0,0.0,Gói,1
PBL,APN_ARMOR,,ZN ARMOR NANO ( 250ML ),AN PHÁT NÔNG,1.0,140000,110000.0,0.0,Chai,1
THUỐC BỆNH,APN_TOP,,TOP PLUS ( 400ML ),AN PHÁT NÔNG,1.0,310000,265000.0,0.0,Chai,1
PBL,APN_SUPER,,SUPER CAT 50GR,AN PHÁT NÔNG,1.0,72000,55000.0,0.0,GOI,1
PBL,APN_NUTRI,,NUTRI ACTIVE ( 500ML ),AN PHÁT NÔNG,1.0,165000,135000.0,0.0,Chai,1
THUỐC SÂU,NVT_EMAS,,EMA''S (100GR),NÔNG VIỆT THỊNH,1.0,50000,35000.0,0.0,Gói,1
THUỐC BỆNH,HP_CHIONIL500,,CHIONIL 500GR,HP,1.0,135000,92000.0,0.0,GOI,1
THUỐC BỆNH,HP_KOZUMA250,,KOZUMA 250ML,HP,1.0,70000,57571.43,0.0,Chai,1
THUỐC BỆNH,HP_ LUCA100,,LUSCAR 100ML,HP,1.0,115000,60000.0,0.0,CHAI,1
THUỐC BỆNH,HP_LUCA240,,LUSCAR 325SC 240ML,HP,1.0,220000,128500.0,0.0,Chai,1
PBL,NIKA_FULAMI1L,,FULAMI PRO 1L,NIKA,1.0,210000,110000.0,0.0,Chai,1
PBL,SP000318,,FULAMI PRO 1L,NIKA,20.0,4200000,2200000.0,0.0,THÙNG,1
PBL,APN_CABOPHOS,,CABOPHOS 500ML,AN PHÁT NÔNG,1.0,180000,150000.0,0.0,Chai,1
PBL,NDHÂ_TRONTRAISR,,LỚN TRÁI - TRÒN TRÁI SẦU RIÊNG 500GR,NÔNG DƯỢC HOÀNG ÂN,1.0,75000,49000.0,0.0,Hủ,1
PBL,NDHÂ_SIEURAHOA,,SIÊU RA HOA ĐẬU TRÁI SẦU RIÊNG 500GR,NÔNG DƯỢC HOÀNG ÂN,1.0,75000,49000.0,0.0,Hủ,1
PBL,NDHÂ_THUCDOT,,THÚC ĐỌT SẦU RIÊNG 500GR,NÔNG DƯỢC HOÀNG ÂN,1.0,75000,49000.0,0.0,Hủ,1
THUỐC BỆNH,VPC_SMARTPRO240,,SMART PRO 250SC 240ML,VIPESCO,1.0,190000,178500.0,0.0,Chai,1
THUỐC BỆNH,VPC_VIROVAL,,VIROVAL 50WP (10GR),VIPESCO,1.0,9000,7900.0,0.0,Gói,1
THUỐC SÂU,NVT_PLUS,,PADANG PLUS 85WP ( 100GR ),NÔNG VIỆT THỊNH,1.0,60000,54000.0,500.0,Gói,1
THUỐC SÂU,SP000363,,PADANG PLUS 85WP ( 100GR ),NÔNG VIỆT THỊNH,150.0,9000000,8100000.0,3.333,THÙNG,1
PBL,BCC_PK500,,COFOLI PK500 ( 900ML ),BACONCO,1.0,210000,166233.33,0.0,Chai,1
PBL,APN_THAMSAU,,THẤM SÂU 30 GIÂY (100ML),AN PHÁT NÔNG,1.0,53000,43000.0,0.0,Chai,1
PBL,APN_GA3,,GA3 SỮA 500ML,AN PHÁT NÔNG,1.0,95000,75000.0,0.0,Chai,1
HKM,HKM_NON,,ACB_NÓN TAI BÈO,,1.0,0,0.0,25.0,Cái,1
HỮU CƠ,NIKA_FUL5LIT,,FULVA KELP 5 LÍT,NIKA,1.0,850000,300000.0,0.0,Can,1
THUỐC CỎ,BCC_GLU,,GLUPHADEX 200SL 900ML,BACONCO,1.0,85000,59650.0,0.0,Chai,1
PBL,APN_MEPI,,TRỤ THÉP MEPI 247 (160ML),AN PHÁT NÔNG,1.0,90000,74000.0,0.0,Chai,1
THUỐC SÂU,APN_ RAYXANH,,BỌ TRĨ RẦY XANH 140WP (120GR),AN PHÁT NÔNG,1.0,45000,34500.0,0.0,Gói,1
PBL,APN_106010,,NPK 10-60-10+TE ( 1KG ),AN PHÁT NÔNG,1.0,100000,77000.0,0.0,Gói,1
THUỐC BỆNH,APN_VILL10,,VILL 10 (1 LÍT),AN PHÁT NÔNG,1.0,170000,130000.0,0.0,Chai,1
PBL,APN_NANO,,KALI NANO K++ (500ML),AN PHÁT NÔNG,1.0,140000,103000.0,0.0,Chai,1
PBL,APN_KICHBONG,,SIÊU KÍCH BÔNG ( 500GR ),AN PHÁT NÔNG,1.0,80000,55000.0,0.0,Gói,1
PBL,APN_PACLO,,FARM PACLO (1 LÍT),AN PHÁT NÔNG,1.0,265000,225000.0,0.0,Chai,1
THUỐC BỆNH,APN_ARI,,ARIGOLD 620 ( 1 LÍT ),AN PHÁT NÔNG,1.0,285000,255000.0,0.0,Chai,1
THUỐC SÂU,YUTAKA_SAURAY,,VUA SÂU RẦY RỆP 500EC 400ML,YUTAKA NHẬT BẢN,1.0,160000,114944.37,0.0,Chai,1
THUỐC SÂU,SP000322,,VUA SÂU RẦY RỆP 500EC 400ML,YUTAKA NHẬT BẢN,40.0,6400000,4597774.8,0.0,THÙNG,1
THUỐC BỆNH,BCC_COVIL1L,,COVIL 110SC 1 LÍT,BACONCO,1.0,200000,170000.0,0.0,Chai,1
THUỐC BỆNH,HP_IZU240,,IZURANT 500SC - 240ML GAP,HP,1.0,185000,164504.09,0.0,Chai,1
THUỐC BỆNH,HP_IZU100,,IZURANT 500SC - 100ML GAP,HP,1.0,85000,79000.0,0.0,Chai,1
HỮU CƠ,SP000246,,HỮU CƠ HÀN QUỐC VÀNG ( 20KG ),LONG HẢI,1.0,10000,5099.96,0.0,kg,1
HỮU CƠ,SP000247,,HỮU CƠ HÀN QUỐC VÀNG ( 20KG ),LONG HẢI,20.0,150000,101999.2,0.0,Bao,1
HKM,HKM_KINHBAOHO,,KÍNH BẢO HỘ,NÔNG VIỆT THỊNH,1.0,0,0.0,0.0,Cái,1
PBL,NIKA_OMAGRI,,OMAGRI PHOSKA 250GR,NIKA,1.0,50000,28000.0,0.0,Lọ,1
PBL,NIKA_OMAGRI-1,,OMAGRI PHOSKA 250GR,NIKA,80.0,0,2240000.0,0.0,THÙNG,1
HKM,VPC_PHIEU,,VPC-Phiêu rút thăm,VIPESCO,1.0,0,0.0,0.0,phiếu,1
PBG,SP000244,,URE CÀ MAU XANH_PLUS (40KG),,1.0,15000,11000.0,0.0,kg,1
PBG,SP000245,,URE CÀ MAU XANH_PLUS (40KG),,40.0,560000,440000.0,0.0,Bao,1
THUỐC CỎ,BASF_BASTA500ML,,CỎ BASTA 500ML,BASF,1.0,120000,113000.0,0.0,Chai,1
PBG,SP000242,,15-3-20 ĐỨC TÍM (25kg),,1.0,30000,28400.0,0.0,kg,1
PBG,SP000243,,15-3-20 ĐỨC TÍM (25kg),,25.0,735000,710000.0,0.0,Bao,1
THUỐC BỆNH,VPC_SMART,,VPC- SMART PRO 100ml,VIPESCO,1.0,90000,84000.0,0.0,Chai,1
PBL,NDLA_M1,,MK1,NONG DUOC LA,1.0,125000,40000.0,0.0,chai,1
PBL,NDLA_SI,,SI1 - SILIC CHẶN ĐỌT,NONG DUOC LA,1.0,125000,40000.0,0.0,chai,1
HKM,SP000233,,NÓN TAI BÈO VPC,VIPESCO,1.0,0,0.0,0.0,Cái,1
HKM,HKM_CHONGDINH,,CHẢO CHỐNG DÍNH,,1.0,0,0.0,2.0,Cái,1
HKM,SP000231,,ÁO THUN VPC,VIPESCO,1.0,0,0.0,0.0,Cái,1
HKM,HKM_BOTNGOT,,BỘT NGỌT AJINOMOTO,,1.0,0,0.0,12.0,Gói,1
HKM,HKM_QUAT,,QUẠT ĐỨNG,,1.0,0,0.0,1.0,Cái,1
HKM,HKM_BINHDA,,BÌNH ĐÁ 1 LÍT,BCC,1.0,0,0.0,0.0,Cái,1
HKM,HKM_GAS,,BÉP GAS MINI,,1.0,0,0.0,1.0,Cái,1
HKM,HKM_LY,,BỘ LY,BCC,1.0,0,0.0,7.0,Cái,1
HKM,HKM_ĐỒNG VÀNG,,ÁO THUN,,1.0,0,0.0,29.0,Cái,1
HKM,HKM_AOTHUBCC,,ÁO THUN BCC,BACONCO,1.0,0,0.0,0.0,Cái,1
HKM,HKM_AOMUABCC,,ÁO MƯA BCC,BACONCO,1.0,0,0.0,0.0,Cái,1
HKM,HKM_AOMUAHP,,ÁO MƯA ĐỎ HP,HP,1.0,0,0.0,0.0,Cái,1
HKM,HKM_AOTHUNYR,,ÁO THUN YARA_ XÁM,YARA,1.0,0,0.0,0.0,Cái,1
HKM,HKM_AOMUA,,ÁO MƯA YARA,GARSONI,1.0,0,0.0,0.0,Cái,1
PBL,NDLA_MAP,,XÔ TƯỚI MẬP CÂY XANH LÁ (20KG),NONG DUOC LA,1.0,2000000,900000.0,0.0,Xô,1
PBL,NDLA_PH,,XÔ TƯỚI NÂNG PH ĐẤT (20 KG),NONG DUOC LA,1.0,2000000,750000.0,0.0,Xô,1
HỮU CƠ,NIKA_HCUC,,HỮU CƠ LỎNG HIFA AUSTRALIA 20 LÍT,NIKA,1.0,3200000,1800000.0,0.0,can,1
HỮU CƠ,NIKA_FULA20,,FULVA KELP 20 LÍT,NIKA,1.0,2950000,1500000.0,0.0,can,1
THUỐC SÂU,NVT_LEDAN,,RẦY XANH LEDAN ULTRA 95SP,NÔNG VIỆT THỊNH,1.0,65000,57000.0,170.0,Gói,1
THUỐC SÂU,SP000362,,RẦY XANH LEDAN ULTRA 95SP,NÔNG VIỆT THỊNH,150.0,9750000,8550000.0,1.133,THÙNG,1
HKM,VPC_VANGSJC,,VPC - VÀNG SJC 0.5 CHỈ,VPC - THUỐC SÁT TRÙNG VN,1.0,0,0.0,0.0,Chiếc,1
THUỐC CHUỘT,VPC_VIFARAT100,,VPC- VIFARAT 0.005%AB 100G,VPC - THUỐC SÁT TRÙNG VN,1.0,10000,6800.0,0.0,Gói,1
THUỐC CHUỘT,VPC_VIFARAT100-1,,VPC- VIFARAT 0.005%AB 100G,VPC - THUỐC SÁT TRÙNG VN,100.0,0,680000.0,0.0,THÙNG,1
THUỐC SÂU,VPC_VIBAMEC100,,VPC- VIBAMEC 5.55EC 100ML,VPC - THUỐC SÁT TRÙNG VN,1.0,40000,31300.0,0.0,Chai,1
THUỐC SÂU,VPC_VIBAMEC100-1,,VPC- VIBAMEC 5.55EC 100ML,VPC - THUỐC SÁT TRÙNG VN,100.0,0,3130000.0,0.0,THÙNG,1
THUỐC SÂU,VPC_FENROL240,,FENROLE 240SC 240ML,VPC - THUỐC SÁT TRÙNG VN,1.0,165000,160500.0,0.0,Chai,1
THUỐC SÂU,VPC_FENROL240-1,,FENROLE 240SC 240ML,VPC - THUỐC SÁT TRÙNG VN,40.0,0,6420000.0,0.0,THÙNG,1
PBG,SP000225,,NPK 16-16-16 VG - A2 (25KG),BACONCO,1.0,19000,15800.0,0.0,kg,1
PBG,SP000226,,NPK 16-16-16 VG - A2 (25KG),BACONCO,25.0,460000,395000.0,0.0,Bao,1
PBL,NDLA_MANCO,,MANCOZIN 1 LÍT,NONG DUOC LA,1.0,150000,80000.0,0.0,Chai,1
PBL,NDLA_DAMTOM5,,ĐẠM TÔM 5 LÍT,NONG DUOC LA,1.0,750000,400000.0,0.0,Can,1
THUỐC DƯỠNG,SP000224,,SIÊU KÉO BÔNG 500ML,,1.0,90000,0.0,0.0,Chai,1
THUỐC BỆNH,NDLAKM,,COC ĐỒNG KẼM 1LIT,,1.0,0,0.0,0.0,Chai,1
THUỐC BỆNH,NDLAKM-1,,COC ĐỒNG KẼM 1LIT,,20.0,0,0.0,0.0,THÙNG,1
THUỐC SÂU,VPC_ZIRCON,,ZIRCON NHỆN ĐỎ 43SC 80ML,VIPESCO,1.0,105000,89296.29,0.0,Chai,1
PBL,BASF_HEADLINE20,,HEADLINE 20ML,BASF,1.0,35000,28000.0,0.0,Gói,1
THUỐC SÂU,NVT_NOVI,,NOVIDAN 100GR,NÔNG VIỆT THỊNH,1.0,55000,46500.0,0.0,Gói,1
HKM,HKM_NOILAUDIEN,,NỒI LẨU ĐIỆN,,1.0,0,0.0,2.0,Cái,1
THUỐC SÂU,NN_PRO,,PRO GGO 440EC 450ML,VIỆT THẮNG,1.0,190000,110000.0,0.0,chai,1
PBL,NDLA_DAMTOM,,ĐẠM TÔM 500ml,NONG DUOC LA,1.0,95000,42000.0,0.0,chai,1
PBL,SP000305,,ĐẠM TÔM 500ml,NONG DUOC LA,1.0,0,42000.0,0.0,CHAI KM,1
THUỐC SÂU,VPC_ SENTI,,SENTINET 22.4SC 100ml,VIPESCO,1.0,95000,94500.0,0.0,chai,1
PBL,SP000223,,DƯỠNG RỄ ( XANH ),,1.0,200000,110000.0,0.0,hủ,1
THUỐC BỆNH,SUMMIT_RING,,RINGO-L 20SC 100ML,SUMMIT,1.0,175000,158000.0,0.0,Chai,1
PBL,SP000222,,DƯỠNG RỄ ( ĐỎ ),,1.0,300000,147000.0,0.0,hủ,1
HKM,PSV_TANG,,SIÊU TĂNG TRƯỞNG 40ML,PSV,1.0,0,0.0,0.0,Lọ,1
HKM,PSV_DUONGRE,,SIÊU DƯỠNG RỄ 40ML,PSV,1.0,0,0.0,0.0,Lọ,1
THUỐC SÂU,VPC_VIMAT100,,VIMATOX 1.9EC - 100ML,VIPESCO,1.0,35000,30660.0,0.0,Chai,1
THUỐC CỎ,HP_CONIFA450,,CONIFA 200ME 450ML,HP,1.0,90000,60203.32,0.0,Chai,1
PBL,ACB_HYD XANH,,HYDRO MỸ XANH,,1.0,850000,621128.52,0.0,can,1
PBL,ACB_HYD TRẮNG,,HYDRO MỸ TRẮNG,,1.0,790000,558333.4,0.0,can,1
PBL,ACB_HYD,,HYDRO NUÔI TRÁI,,1.0,970000,0.0,0.0,can,1
THUỐC BỆNH,HT_PHYTO_150,,PHYTOCIDE 150GR,HỢP TRÍ,1.0,128000,140000.0,0.0,Gói,1
THUỐC BỆNH,HT_NOR_250,,NORSHIELD 250GR,HỢP TRÍ,1.0,135000,130000.0,0.0,Gói,1
PBL,FF_K1_4,,K1 PRO 400GR,FUTURER FARM,1.0,90000,52000.0,0.0,hủ,1
PBG,BCC_321010,,NPK 32-10-10 ( 25KG ),BACONCO,1.0,21000,14800.0,0.0,kg,1
PBG,BCC_321010-1,,NPK 32-10-10 ( 25KG ),BACONCO,25.0,490000,370000.0,0.0,Bao,1
HKM,HKM_AOOMUA,,ÁO MƯA HỢP TRÍ ĐỎ,BCC,1.0,0,0.0,0.0,Cái,1
PBG,GSN_16-16-16RP,,GSN 16-16-16 RP (40KG),GARSONI,1.0,21000,16200.0,0.0,kg,1
PBG,SP000212,,GSN 16-16-16 RP (40KG),GARSONI,40.0,800000,648000.0,0.0,Bao,1
PBG,GSN_15520,,GSN 15-5-20 BAO 25 KG,GARSONI,1.0,23000,18900.0,0.0,kg,1
PBG,GSN _15520-1,,GSN 15-5-20 BAO 25 KG,GARSONI,25.0,560000,472500.0,0.0,BAO,1
THUỐC SÂU,SUMMIT_TAKUMI,,TAKUMI 20SC 50ML,SUMMIT,1.0,115000,113000.0,0.0,Chai,1
THUỐC SÂU,SP000324,,TAKUMI 20SC 50ML,SUMMIT,100.0,11500000,11300000.0,0.0,THÙNG,1
HKM,HKM_BHGSN,,NÓN BẢO HIỂM,,1.0,0,0.0,2.0,Cái,1
PBG,GSN-1240,,NP 12-40 ( 50KG ),GARSONI,1.0,19000,16800.0,0.0,kg,1
PBG,GSN-1240-1,,NP 12-40 ( 50KG ),GARSONI,50.0,910000,840000.0,0.0,Bao,1
PBG,CAHEO_9-25-17,,9-25-17 CÁ HEO (25KG),,1.0,23000,17600.0,0.0,kg,1
PBG,CAHEO-92517-1,,9-25-17 CÁ HEO (25KG),,25.0,540000,440000.0,0.0,Bao,1
THUỐC SÂU,NN_BAMPER,,BAMPER 500EC 480ML,,1.0,190000,150000.0,0.0,Chai,1
HỮU CƠ,GSN_3.5-2-2,,HỮU CƠ GSN 3.5-2-2 ( 25KG ),GARSONI,1.0,18000,12373.9,0.0,kg,1
HỮU CƠ,GSN_3.5-2-2-1,,HỮU CƠ GSN 3.5-2-2 ( 25KG ),GARSONI,25.0,420000,309347.5,0.0,Bao,1
THUỐC BỆNH,HT_ENVIO,,ENVIO 250SC 200ML,HỢP TRÍ,1.0,240000,230000.0,0.0,Chai,1
LÂN BAO,SP000210,,LÂN LÂM THAO (50KG),,1.0,6000,5000.0,0.0,kg,1
LÂN BAO,SP000211,,LÂN LÂM THAO (50KG),,50.0,260000,250000.0,0.0,Bao,1
THUỐC CỎ,SP000208,,GRAMAXOL 200SL 900ML,,1.0,175000,125000.0,0.0,Chai,1
THUỐC SÂU,VPC_VINET100G,,VINETOX 95SP - 100GR,VIPESCO,1.0,22000,20000.0,0.0,Gói,1
THUỐC SÂU,SP000282,,VINETOX 95SP - 100GR,VIPESCO,100.0,2200000,2000000.0,0.0,THÙNG,1
HKM,HKMBINHĐA,,BÌNH ĐÁ XANH DƯƠNG,,1.0,0,55000.0,0.0,Cái,1
HKM,HKM_BINHDAXL,,BÌNH ĐÁ XANH LÁ,AA,1.0,0,55000.0,1.0,Cái,1
THUỐC SÂU,VPC_VIFAST,,VIFAST 5EC 480ML,VPC - THUỐC SÁT TRÙNG VN,1.0,55000,48300.0,0.0,Chai,1
THUỐC SÂU,VPC_VIFAST-1,,VIFAST 5EC 480ML,VPC - THUỐC SÁT TRÙNG VN,30.0,0,1449000.0,0.0,THÙNG,1
THUỐC SÂU,VPC_VISHER,,VISHER 25EC 1 LÍT,VIPESCO,1.0,220000,190000.0,0.0,Chai,1
THUỐC SÂU,VPC_VIBAMEC,,VIBAMEC 5.5EC 480ML,VIPESCO,1.0,155000,148800.0,0.0,Chai,1
PBL,FF_P3_4,,P3 PRO 400GR,FUTURER FARM,1.0,90000,48000.0,0.0,hủ,1
PBL,FF_K2_4,,K2 PRO 400GR,FUTURER FARM,1.0,90000,48000.0,0.0,hủ,1
PBL,FF_K3_4,,K3 PRO 400GR,FUTURER FARM,1.0,90000,56000.0,0.0,hủ,1
PBL,FF_P17_4,,P17 PRO 400GR,FUTURER FARM,1.0,90000,64000.0,0.0,hủ,1
PBL,FF_P30_4,,P30 PRO 400GR,FUTURER FARM,1.0,90000,56000.0,0.0,hủ,1
PBL,FF_N35_4,,N35 PRO 400GR,FUTURER FARM,1.0,75000,56000.0,0.0,hủ,1
THUỐC BỆNH,VPC_VICARP,,VPC-VICARD 4GR 1KG,VIPESCO,1.0,50000,39200.0,0.0,Gói,1
THUỐC BỆNH,VPC_VICARP-1,,VPC-VICARD 4GR 1KG,VIPESCO,20.0,1000000,784000.0,0.0,THÙNG,1
THUỐC BỆNH,VPC_VIBIMZOL,,VPC- VIBIMZOL 75WP 100 GR,VPC - THUỐC SÁT TRÙNG VN,1.0,40000,31600.0,0.0,GOI,1
THUỐC SÂU,NN_OTEX,,OTOXES 200SP 100GR,,1.0,28000,15000.0,0.0,Gói,1
THUỐC SÂU,NN_MALUC,,MÃ LỤC 250WP 100GR,AA,1.0,22000,16800.0,0.0,Gói,1
THUỐC SÂU,SP000267,,MÃ LỤC 250WP 100GR,AA,100.0,2170000,1680000.0,0.0,THÙNG,1
PBG,CAHEO2015,,20-20-15 CÁ HEO (25KG),,1.0,19000,15500.0,0.0,kg,1
PBG,CAHEO2015-1,,20-20-15 CÁ HEO (25KG),,25.0,450000,387500.0,0.0,Bao,1
PBG,CAHEO3010,,30-10-10 CÁ HEO (25KG),,1.0,17000,12200.0,0.0,kg,1
PBG,CAHEO3010-1,,30-10-10 CÁ HEO (25KG),,25.0,405000,305000.0,0.0,Bao,1
HỮU CƠ,SP000204,,HỮU CƠ ÚC (25kg),,1.0,16000,13100.0,0.0,kg,1
HỮU CƠ,SP000205,,HỮU CƠ ÚC (25kg),,25.0,375000,327500.0,0.0,Bao,1
PBG,BCC161616,,NPK 16-16-16 50KG,BACONCO,1.0,0,0.0,0.0,kg,1
HỮU CƠ,GSN_SPRING,,GSN HỮU CƠ SPRING 3-2-2 ( 25KG),GARSONI,1.0,13000,8600.0,0.0,kg,1
HỮU CƠ,GSN_SPRING-1,,GSN HỮU CƠ SPRING 3-2-2 ( 25KG),GARSONI,25.0,285000,215000.0,0.0,BAO,1
HỮU CƠ,SP000311,,GSN HỮU CƠ SPRING 3-2-2 ( 25KG),GARSONI,25.0,0,215000.0,0.0,BAO KM,1
PBL,HT_BOTRAC,,HT_BOTRAC 10ML,HỢP TRÍ,1.0,5000,3256.0,0.0,Gói,1
THUỐC BỆNH,HT_AGRI 25ML,,HT_AGRI LIFE 25ML,HỢP TRÍ,1.0,22000,18480.0,0.0,Gói,1
THUỐC BỆNH,HT_AGRI,,HT_AGRILIFE 200ML,HỢP TRÍ,1.0,135000,120000.0,0.0,Chai,1
PBL,HT_MULTI,,HT_MULTIPHOLATE 250GR,HỢP TRÍ,1.0,80000,65000.0,0.0,Gói,1
THUỐC SÂU,HP_MOPRIDE,,MOPRIDE 20WP 8GR,HP,1.0,6000,4950.0,0.0,Gói,1
THUỐC SÂU,VPC_VINETOX,,VPC_VINETOX 18SL 450ML,VIPESCO,1.0,50000,36000.0,0.0,Chai,1
THUỐC CỎ,NN_GLYXIM,,NN_GLYXIM 60G,,1.0,22000,15800.0,0.0,Gói,1
THUỐC BỆNH,NN_CAMILO,,NN_CAMILO 150SC 250ML,,1.0,115000,92000.0,0.0,Chai,1
THUỐC SÂU,NN_FAFT240,,NN_FAFTAC 5EC 250ML,,1.0,28000,22500.0,0.0,Chai,1
THUỐC SÂU,HC_BESTOX,,HC_BESTOX 5EC 450ML,,1.0,37000,32000.0,0.0,Chai,1
THUỐC BỆNH,HC_AMIS,,HC_AMISTARTOP 325SC XI,,1.0,285000,275000.0,0.0,Chai,1
PBL,VPC_NU ONG VANG,,VPC - NU ONG VÀNG 480ML,VPC - THUỐC SÁT TRÙNG VN,1.0,70000,54300.0,0.0,Chai,1
PBL,VPC_NU ONG VANG-1,,VPC - NU ONG VÀNG 480ML,VPC - THUỐC SÁT TRÙNG VN,30.0,2100000,1629000.0,0.0,THÙNG,1
THUỐC SÂU,VPC_VIPER,,VPC- VIPER 500EC - 100ML,VPC - THUỐC SÁT TRÙNG VN,1.0,65000,55953.84,0.0,Chai,1
THUỐC SÂU,VPC_VIPER-1,,VPC- VIPER 500EC - 100ML,VPC - THUỐC SÁT TRÙNG VN,100.0,6500000,5595384.0,0.0,THUNG,1
PBG,BCC_DAP COFO,,BCC_DAP COFOLI (50KG),BACONCO,1.0,24000,21325.06,0.0,kg,1
PBG,BCC_DAP COFOLI-1,,BCC_DAP COFOLI (50KG),BACONCO,50.0,1175000,1066253.0,0.0,Bao,1
THUỐC BỆNH,VPC_VIMANCOZ 1KG,,VPC -VIMANCOZ 80 WP 1KG -VÀNG,VPC - THUỐC SÁT TRÙNG VN,1.0,135000,107968.57,0.0,Gói,1
THUỐC BỆNH,VPC_VIMANCOZ XANH,,VPC-VIMANCOZ 80WP GÓI 1KG - XANH,VPC - THUỐC SÁT TRÙNG VN,1.0,150000,106000.0,0.0,Gói,1
PBL,NN_ATO,,ATONIK 1.8SL 100ML,,1.0,75000,70500.0,0.0,Chai,1
THUỐC SÂU,NN_ASCE,,ASCEND 200SP 200GR,,1.0,70000,59500.0,0.0,Gói,1
THUỐC BỆNH,VPC_VILAX,,VPC_VILAXYL 35WP 200GR,VIPESCO,1.0,75000,62698.8,0.0,Gói,1
THUỐC BỆNH,VPC_VIPAC200,,VPC_VIPAC 88 200GR,VIPESCO,1.0,20000,10200.89,0.0,Gói,1
PBL,TANIXAOLI,,OLIGA MAX GOLD 25ML,TANIXA,1.0,12000,6400.0,0.0,Gói,1
PBL,BCC - THUÔC,,COFOLI AMINO,BACONCO,1.0,0,0.0,0.0,Chai,1
PBL,SP000192,,COFOLI AMINO,BACONCO,24.0,0,0.0,0.0,thung,1
HKM,KMHP_CHEN,,BỘ CHÉN,HP,1.0,0,0.0,9.0,Bộ,1
HKM,HKM_DAU AN,,HP_DẦU ĂN 1 LÍT,HP,1.0,0,0.0,0.0,Chai,1
PBL,GSN_WEED,,GSN_ CWEED AA 500ML,GARSONI,1.0,155000,135000.0,0.0,Chai,1
PBL,GSN_CAR,,GSN_CARBOPLEX 500ML,GARSONI,1.0,155000,135000.0,0.0,Chai,1
PBL,GSN_PROP,,GSN_PROPLEX 500ML,GARSONI,1.0,155000,135000.0,0.0,Chai,1
THUỐC BỆNH,HP_AMTE,,AMTECH 100EW 750ML,HP,1.0,270000,250000.0,0.0,Chai,1
THUỐC SÂU,HP_WILS,,WILSON 240ML,HP,1.0,150000,113371.43,0.0,Chai,1
THUỐC BỆNH,HP_ROMIL,,ROMIL 72WP 500G,HP,1.0,195000,148331.39,0.0,Gói,1
THUỐC BỆNH,SP000316,,ROMIL 72WP 500G,HP,30.0,5850000,4449941.7,0.0,THÙNG,1
THUỐC BỆNH,HP_ACTI400,,ACTIVO SUPER 648WP 400GR,HP,1.0,205000,178000.0,0.0,Gói,1
PBL,NN_ANTRACOM,,ANTRACOL 100GR DẠNG CỐM,AA,1.0,33000,30500.0,0.0,Gói,1
THUỐC SÂU,HB-GOLDNIL,,GOLDNIL 250EC-50ML- NHÃN ( Sco HB ),HB -CTY HÒA BÌNH,1.0,0,0.0,0.0,Chai,1
THUỐC BỆNH,HBGOLDNIL,,GOLDNIL 250EC 50ML-NHÃN SCONIL,HB -CTY HÒA BÌNH,1.0,45000,35000.0,0.0,Chai,1
THUỐC DƯỠNG,VPC_MAISUP,,VPC_DƯỠNG HOA MAI SUPER 10ML,VPC - THUỐC SÁT TRÙNG VN,1.0,30000,25000.0,0.0,Lọ,1
THUỐC SÂU,XADDAIBANG,,ĐẠI BÀNG ĐỎ 10.5GR,XUYÊN Á,1.0,12000,6800.0,0.0,Gói,1
THUỐC BỆNH,SP000190,,SẠCH VI KHUẨN 25GR,,1.0,15000,7300.0,0.0,Gói,1
THUỐC SÂU,XAK54,,SIÊU DIỆT RẦY K54 100GR,XUYÊN Á,1.0,50000,33600.0,0.0,Gói,1
THUỐC SÂU,SP000188,,VISEK NHÔM 250EC 450ML,,1.0,105000,83500.0,0.0,Chai,1
THUỐC SÂU,SP000187,,RUỒI VÀNG 260EW 450ML,,1.0,175000,118000.0,0.0,Chai,1
THUỐC SÂU,HB_GOLNITOR,,SẠCH SÂU KHÁNG (GOLNITOR) 50WG 100GR,HB -CTY HÒA BÌNH,1.0,50000,38000.0,0.0,hủ,1
THUỐC SÂU,SP000360,,SẠCH SÂU KHÁNG (GOLNITOR) 50WG 100GR,HB -CTY HÒA BÌNH,90.0,4500000,3420000.0,0.0,THÙNG,1
PBL,NDLA_LAN86,,NDLA_LÂN TẠO MẦM 86,NONG DUOC LA,1.0,105000,60000.0,0.0,Chai,1
THUỐC BỆNH,SP000186,,ANTRACOL 500GR CỐM,AA,1.0,175000,164000.0,0.0,Gói,1
THUỐC BỆNH,SP000185,,FOFER-X3 200G RỤNG LÁ MAI,,1.0,32000,27000.0,0.0,Gói,1
PBL,HT_BUD,,HT_BUD BOOSTOR 250G,HỢP TRÍ,1.0,75000,65000.0,0.0,Gói,1
PBL,HT_BUD-1,,HT_BUD BOOSTOR 250G,HỢP TRÍ,40.0,0,2600000.0,0.0,THÙNG,1
PBL,VPC_BOCA,,VPC_ACTI BOCA 500ML,VIPESCO,1.0,80000,48000.0,0.0,Chai,1
THUỐC SÂU,HB_RUỒI VÀNG,,HB_WOFATAC RUỒI VÀNG 200ML,AN PHÁT,1.0,85000,66000.0,0.0,Chai,1
THUỐC BỆNH,VPC_VIPAC88,,VPC_VIPAC 88 - 1KG,VIPESCO,1.0,85000,52500.0,0.0,Gói,1
PBL,HT7544,,HT_7-5-44 250GR,HỢP TRÍ,1.0,23000,24000.0,0.0,Gói,1
THUỐC BỆNH,HP_XANI20,,XANIZEB 72WP 20G,HP,1.0,10000,4772.67,0.0,Gói,1
THUỐC BỆNH,HC_NATIVO 10G,,HC_NATIVO/750WP/10GAM,BAYER,1.0,26000,24500.0,0.0,Gói,1
PBG,GSN_161616OLERA,,GSN 16-16-16 OLERA ( BAO 40KG ),GARSONI,1.0,20000,19000.0,0.0,kg,1
PBG,GSN_161616 OLE-1,,GSN 16-16-16 OLERA ( BAO 40KG ),GARSONI,40.0,765000,760000.0,0.0,Bao,1
PBG,GSN 161616-OLERA,,GSN 16-16-16 OLERA ( BAO 40KG ),GARSONI,1.0,0,0.0,0.0,kg,1
THUỐC CỎ,VPC_MAESTRO240,,MAESTRO 960EC 240ML,VIPESCO,1.0,125000,102800.0,0.0,Chai,1
THUỐC BỆNH,VPC_VISUP,,VIFU-SUPER 1KG,VIPESCO,1.0,52000,48999.46,0.0,Gói,1
HKM,VPC_OMO,,VPC_BỘT GIẶT OMO 380GR,VIPESCO,1.0,0,0.0,0.0,Gói,1
THUỐC SÂU,VPC_BỘT PHẤN KIẾN,,BỘT PHẤN KIẾN 50GR,VIPESCO,1.0,8000,4700.0,0.0,Gói,1
THUỐC BỆNH,VPC_TRICO900G,,TRICHODERMA 900GR,VIPESCO,1.0,75000,45800.0,0.0,Gói,1
THUỐC BỆNH,VPC_MIXPF100ML,,MIX PERFECT 525SC 100ML,VIPESCO,1.0,120000,111623.4,0.0,Chai,1
HKM,SP000196,,BÌNH PHUN THUỐC KAIZEN 1 BƠM,,1.0,0,520000.0,3.0,CÁI_KM,1
HKM,SP000181,,BÌNH PHUN THUỐC KAIZEN 1 BƠM,,1.0,650000,520000.0,3.0,Cái,1
THUỐC BỆNH,VPC_VIZINCOP,,VPC_VIZINCOP 50WP 200G,VIPESCO,1.0,50000,43000.0,0.0,Gói,1
THUỐC BỆNH,VPC_VIVIL LIT,,VPC_VIVIL 5SC 1 LÍT,VIPESCO,1.0,90000,64000.0,0.0,Chai,1
THUỐC BỆNH,VPC_VIVIL 480,,VIVIL 5SC 480ML,VIPESCO,1.0,50000,36000.0,0.0,Chai,1
THUỐC CỎ,VPC_GLUNATE,,GLUNATE 1 LÍT,VIPESCO,1.0,85000,102000.0,0.0,Chai,1
THUỐC SÂU,VPC_VICONDOR,,VICONDOR 50EC 240ML,VIPESCO,1.0,50000,42600.0,0.0,Chai,1
THUỐC SÂU,HB_SHEPATOC,,HB_ DIỆT RẦY XANH SHEPATOC 250WP,,1.0,35000,22900.0,0.0,Gói,1
HKM,HKM_DAUBEP,,KMHP _ DẦU ĂN ĐẦU BẾP 400ML,HP,1.0,0,0.0,12.0,CHAI KM,1
THUỐC BỆNH,HB_ACATOP240ML,,ACATOP 320SC - 240ML ( CÂY ĂN TRÁI ),HB -CTY HÒA BÌNH,1.0,150000,113500.0,0.0,Chai,1
THUỐC SÂU,VPC_VIBAM.1KG,,VIBAM - 1KG,VIPESCO,1.0,30000,25200.0,0.0,kg,1
THUỐC SÂU,VPC-VIBAM.1KG-1,,VIBAM - 1KG,VIPESCO,20.0,600000,504000.0,0.0,THÙNG,1
THUỐC SÂU,VPC_VITHOXAM.100ML,,VITHOXAM 350SC - 100CC PET,VIPESCO,1.0,60000,52044.44,0.0,Chai,1
THUỐC BỆNH,VPC_ICTOP.KG,,IC TOP 28.1SC - 1KG,VIPESCO,1.0,110000,86005.68,0.0,kg,1
THUỐC BỆNH,VPC_VIVADAMY.4.5L,,VPC-VIVADAMY 5SL - 4.5L ( CAN PE ),VIPESCO,1.0,170000,152000.0,0.0,can,1
THUỐC SÂU,VPC_CENTRUM25G,,CENTRUM 75WG 25GR,VIPESCO,1.0,30000,25091.9,0.0,Gói,1
THUỐC SÂU,HB_SEDOX.240ML,,SEDOX 200EC 40SL - 240ML,HB -CTY HÒA BÌNH,1.0,70000,48000.0,0.0,Chai,1
THUỐC BỆNH,HB_SIEUVIKHUAN 240ML,,SIÊU VI KHUẨN - 240ML,HB -CTY HÒA BÌNH,1.0,75000,46800.0,0.0,Chai,1
THUỐC SÂU,VPC_VIMATOX 480ML,,VPC-VIMATOX 1.9EC - 480CC PET,VIPESCO,1.0,130000,124200.0,0.0,Chai,1
THUỐC SÂU,VPC_VIDIFEN 480ML,,VIDIFEN 40EC - 480CC PET,VIPESCO,1.0,115000,103700.0,0.0,Chai,1
THUỐC BỆNH,HB-CORNIL 240ML,,HB-CORNIL 500SC - 240ML,,1.0,70000,40387.26,0.0,Chai,1
THUỐC BỆNH,VPC_VIVADAMY.1000ML,,VIVADAMY 5SL - 1 LÍT,VPC - THUỐC SÁT TRÙNG VN,1.0,45000,38500.0,0.0,Chai,1
THUỐC SÂU,HB_PANDANG70GR,,PANDANG HB - 70GR,HB -CTY HÒA BÌNH,1.0,40000,29400.0,0.0,Gói,1
THUỐC SÂU,SP000179,,POLAS BÁM DÍNH 1 LÍT,,1.0,16000,18500.0,0.0,CHAI,1
THUỐC BỆNH,NN_ALIET500,,ALIETTE 800WG 500GR,BAYER,1.0,0,215000.0,0.0,Gói,1
PBL,QN106010,,10-60-10 500G (QN),QUANG NÔNG,1.0,15000,10800.0,0.0,Gói,1
PBL,QN106010-1,,10-60-10 500G (QN),QUANG NÔNG,10.0,125000,108000.0,0.0,hủ,1
THUỐC BỆNH,TANICLEA,,CLEAR MAX 100ML,TANIXA,1.0,45000,38000.0,0.0,Chai,1
PBL,HCMX2,,MX2 400G,MAI XUÂN,1.0,54000,50000.0,0.0,hủ,1
THUỐC SÂU,HCACTA,,ACTARA 25WG 1G,SYGENTA,1.0,5000,3550.0,0.0,Gói,1
THUỐC BỆNH,RVACPOWER,,POWER CHLORINE 70WP 300G - RỬA RONG,RVAC,1.0,32000,26000.0,0.0,hủ,1
THUỐC CỎ,VPC_GLU480,,GLUNATE 150SL 480ML,VIPESCO,1.0,60000,78831.93,0.0,Chai,1
THUỐC BỆNH,SP000167,,VISEN 20SC 25ML,VIPESCO,1.0,15000,14000.0,0.0,Gói,1
THUỐC BỆNH,SP000166,,NEW KASURAN 16.6WP 200GR,VIPESCO,1.0,28000,25000.0,0.0,Gói,1
THUỐC BỆNH,VPC_CHAM100,,CHAMPION 37.5SC 100ML,VIPESCO,1.0,40000,38945.09,0.0,Chai,1
THUỐC BỆNH,NN_CA,,RAINBOW 500SC- THÁI,,1.0,250000,170000.0,0.0,Chai,1
PBL,NN_VINCO79,,VINO 79 500ML,,1.0,140000,123000.0,0.0,Chai,1
PBL,NN_15520,,15-5-20 1KG- Con Gấu THL,,1.0,28000,26500.0,0.0,Gói,1
PBL,NN121517,,15-12-17 1KG- Con gấu THL,,1.0,29000,27500.0,0.0,Gói,1
THUỐC BỆNH,VPC_MIX240,,MIX PERFECT 525SC 240ML,VIPESCO,1.0,270000,252000.0,0.0,Chai,1
THUỐC BỆNH,VPC_VIMONYL,,VIMONYL 72WP 1KG,VIPESCO,1.0,280000,261000.0,0.0,Gói,1
THUỐC BỆNH,VPC_VIMONY100,,VIMONYL 72WP 100G,VIPESCO,1.0,30000,27500.0,0.0,Gói,1
THUỐC SÂU,VPC_FERO,,VPC_FENROLE 240SC 25ML,VIPESCO,1.0,20000,17200.0,0.0,Gói,1
THUỐC SÂU,VPC_FENROLE100,,FENROLE 240SC 100ML,VIPESCO,1.0,80000,70700.0,0.0,Chai,1
THUỐC BỆNH,VPC_CHAMPION240,,CHAMPION 37.5SC 240ML,VIPESCO,1.0,90000,88500.0,0.0,Chai,1
THUỐC BỆNH,VPC_VISEN,,VISEN 20SC 240ml,VIPESCO,1.0,130000,120000.0,0.0,Chai,1
THUỐC BỆNH,BASFPRI,,PRIAXOR 500SC 80ML,BASF,1.0,170000,158500.0,0.0,Chai,1
PBL,BASFHEADLINE,,HEADLINE 250EC 100ML,BASF,1.0,150000,130000.0,0.0,Chai,1
PBG,GSN 16168-PRO,,GSN 16-16-8 PRO ( BAO 40KG ),GARSONI,1.0,16000,12700.0,0.0,KG,1
PBG,SP000184,,GSN 16-16-8 PRO ( BAO 40KG ),GARSONI,40.0,620000,508000.0,0.0,bao,1
PBL,TANIXAFLO,,FLOWER MAX TÚI 1KG,TANIXA,1.0,150000,122600.0,0.0,Gói,1
PBL,SP000314,,FLOWER MAX TÚI 1KG,TANIXA,20.0,3000000,2452000.0,0.0,THÙNG,1
PBL,TANIXACLE,,CLEAR MAX CHAI 500ML,TANIXA,1.0,180000,132000.0,0.0,Chai,1
PBL,FFP55RE,,PROFARM- P55 RA RỄ CỰC MẠNH_BẬT CHỒI NHANH 40G,FUTURER FARM,1.0,12000,6100.0,0.0,Gói,1
PBL,PSVRAHOADO,,RA HOA NHÃN IDO 1KG (ĐỎ),PSV,1.0,55000,48300.0,0.0,Gói,1
PBL,PSVRAHOAXANH,,RA HOA NHÃN 1KG (XANH),PSV,1.0,50000,41670.0,0.0,Gói,1
THUỐC BỆNH,HPTISABE,,TISABE 550SC 240ML,HP,1.0,115000,97920.96,0.0,Chai,1
THUỐC SÂU,SP000155,,VUA SÂU RẦY 999/260EW/450,HAI,1.0,125000,96000.0,0.0,Chai,1
THUỐC BỆNH,SP000154,,AGRIFOS 400/480ML,HAI,1.0,140000,134000.0,0.0,Chai,1
PBL,TVLontrai,,LỚN TRÁI CHÔM CHÔM 500ml,TRE VIET,1.0,75000,32000.0,0.0,Chai,1
PBL,TVCANXICC,,CANXI BO CHÔM CHÔM 500ml,TRE VIET,1.0,60000,30000.0,0.0,Chai,1
THUỐC SÂU,YUTAKA_SIEURAYXANH,,SIÊU RẦY XANH 100G,YUTAKA NHẬT BẢN,1.0,35000,22761.05,0.0,Gói,1
THUỐC SÂU,SP000284,,SIÊU RẦY XANH 100G,YUTAKA NHẬT BẢN,100.0,3500000,2276105.0,0.0,THÙNG,1
PBG,YARA30205,,MIXA 30-20-5 (50KG),YARA,1.0,19000,16400.0,0.0,kg,1
PBG,SP000150,,MIXA 30-20-5 (50KG),YARA,50.0,905000,820000.0,0.0,Bao,1
THUỐC SÂU,YUTAKA_CHETRAYXANH,,CHẾT RẦY XANH 300 100G,YUTAKA NHẬT BẢN,1.0,25000,15665.5,0.0,Gói,1
THUỐC SÂU,SP000285,,CHẾT RẦY XANH 300 100G,YUTAKA NHẬT BẢN,100.0,2500000,1566550.0,0.0,THÙNG,1
THUỐC SÂU,YUTAKA_VUARAYREP,,VUA RẦY RỆP 600 80G,YUTAKA NHẬT BẢN,1.0,35000,22576.75,0.0,Gói,1
THUỐC SÂU,SP000283,,VUA RẦY RỆP 600 80G,YUTAKA NHẬT BẢN,100.0,3500000,2257675.0,0.0,THÙNG,1
THUỐC SÂU,YUTAHAIHAMEC,,HAIHAMEC 3.6EC 450ML,YUTAKA NHẬT BẢN,1.0,85000,52000.0,0.0,Chai,1
PBL,SP000145,,GA3 VIÊN Á CHÂU 10G,AA,1.0,25000,20300.0,0.0,Viên,1
PBG,GSN15525,,GSN 15-5-25 (25KG),GARSONI,1.0,26000,21964.73,0.0,kg,1
PBG,GSN15525-1,,GSN 15-5-25 (25KG),GARSONI,25.0,620000,549118.25,0.0,Bao,1
HỮU CƠ,BCCORGANIC,,HỮU CƠ ORGANICONCO (25KG)- NÂU,BACONCO,1.0,14000,9800.0,0.0,KG,1
HỮU CƠ,SP000140,,HỮU CƠ ORGANICONCO (25KG)- NÂU,BACONCO,25.0,320000,245000.0,0.0,Bao,1
THUỐC SÂU,HP_EMA8G,,EMABEN 3.6WG 8G,HP,1.0,6000,3454.29,0.0,Gói,1
PBL,HT_CASI,,CASI 500ML,HỢP TRÍ,1.0,70000,67000.0,0.0,Chai,1
PBL,HT_FOR250,,ORGANO FORCE 250ML,BCC,1.0,80000,70000.0,0.0,Chai,1
PBL,HT_BOTRAC500,,BOTRAC 500ML,HỢP TRÍ,1.0,110000,105000.0,0.0,Chai,1
THUỐC SÂU,HT_BRI400,,BRIGHTIN 400ML,HỢP TRÍ,1.0,180000,190000.0,0.0,CHAI,1
PBL,ND_106010,,10-60-10 O2 hộp 10 gói,,1.0,15000,6000.0,0.0,Gói,1
PBL,SP000136,,10-60-10 O2 hộp 10 gói,,10.0,130000,60000.0,0.0,Hộp,1
PBG,NDDamca,,ĐẠM CÁ HỒI BAO 20KG,NONG DUOC LA,1.0,45000,30000.0,0.0,kg,1
PBG,SP000169,,ĐẠM CÁ HỒI BAO 20KG,NONG DUOC LA,20.0,870000,600000.0,0.0,Bao,1
PBG,ND_DAMCA10,,ĐẠM CÁ HỒI BAO 10KG,NONG DUOC LA,1.0,47000,30000.0,0.0,kg,1
PBG,SP000143,,ĐẠM CÁ HỒI BAO 10KG,NONG DUOC LA,10.0,460000,300000.0,0.0,Túi,1
PBG,ND_ROOTUSA,,ROOT USA 10KG,NONG DUOC LA,1.0,75000,54999.99,0.0,kg,1
PBG,SP000142,,ROOT USA 10KG,NONG DUOC LA,10.0,715000,549999.9,0.0,Bao,1
PBG,GSN_2777,,GSN 27-7-7 25KG,GARSONI,1.0,20000,18000.0,0.0,KG,1
PBG,GSN2777-1,,GSN 27-7-7 25KG,GARSONI,25.0,470000,450000.0,0.0,Bao,1
THUỐC SÂU,HTPERMECIDE,,PERMERCIDE 480ML,HỢP TRÍ,1.0,230000,230000.0,0.0,Chai,1
PBL,HTHUMICHAT,,SUPER HUMIC 1KG- DẠNG HẠT,HỢP TRÍ,1.0,85000,90000.0,0.0,Gói,1
THUỐC SÂU,HCHUGO,,HUGO 95SP 60G,,1.0,40000,39000.0,0.0,Gói,1
THUỐC SÂU,HC_MOTOX,,MOTOX 5EC 480ML,NGỌC TÙNG,1.0,60000,48000.0,0.0,Chai,1
THUỐC BỆNH,HPCHIONIL,,CHIONIL 750WP 25G,HP,1.0,10000,5800.0,0.0,Gói,1
THUỐC BỆNH,HPMONEY,,MONEYS 325SL 10ML,HP,1.0,16000,10985.0,0.0,Gói,1
THUỐC BỆNH,HP_KOZUMA,,KOZUMA 3SL 15ML,HP,1.0,6000,4500.0,0.0,Gói,1
THUỐC BỆNH,NNMATAXY,,MATAXYL 50WG 100GR- DẠNG CỐM,,1.0,80000,75500.0,0.0,Gói,1
THUỐC SÂU,NNTVG,,TVG20 565EC 480ML,,1.0,195000,163000.0,0.0,Chai,1
THUỐC ỐC,ANHEAD,,ANHEAD ỐC 12G 1KG,LOC TROI,1.0,50000,41000.0,0.0,Gói,1
THUỐC SÂU,NN CSD,,CHIM SÂU ĐỎ 50G,,1.0,40000,26000.0,0.0,Gói,1
THUỐC SÂU,NN AL,,ALFAMITE 15EC 480ML,,1.0,80000,74000.0,0.0,Chai,1
THUỐC SÂU,NNPRE,,PREVATHON 5SC 150ML,FMC,1.0,130000,116000.0,0.0,Chai,1
THUỐC BỆNH,NN TIL,,TILT SUPER 250ML,SYGENTA,1.0,208000,195000.0,0.0,Chai,1
PBG,BCC_15920,,NPK 15-9-20 BAO PTK (25KG),BACONCO,1.0,23000,18201.81,0.0,kg,1
PBG,SP000113,,NPK 15-9-20 BAO PTK (25KG),BACONCO,25.0,540000,455045.25,0.0,bao,1
PBG,BCC_16168,,NPK 16-16-8 PTK (25KG),BACONCO,1.0,21000,15990.0,0.0,kg,1
PBG,SP000111,,NPK 16-16-8 PTK (25KG),BACONCO,25.0,490000,399750.0,0.0,bao,1
PBG,BCC121118,,NPK 12-11-18 PTK (25KG),BACONCO,1.0,26000,18409.76,0.0,kg,1
PBG,SP000109,,NPK 12-11-18 PTK (25KG),BACONCO,25.0,615000,460244.0,0.0,Bao,1
PBG,BCC201510,,NPK 20-15-10 BAO PTK (25KG),BACONCO,1.0,21000,20700.0,0.0,kg,1
PBG,SP000105,,NPK 20-15-10 BAO PTK (25KG),BACONCO,25.0,490000,517500.0,0.0,bao,1
PBL,NDHUYETRONG,,HUYẾT RỒNG NUÔI TRÁI,NONG DUOC LA,1.0,120000,70000.0,0.0,Túi,1
PBL,PTK ORG,,OGROPLUS ORGANIC A- XANH LÁ- 5 LÍT,PTK,1.0,450000,225000.0,0.0,CAN,1
PBL,ND SUPERHUM,,SUPER HUM 1 LÍT- ND,NONG DUOC LA,1.0,95000,40000.0,0.0,Chai,1
PBL,HT BRI,,BRIGHTSTAR 25SC 1 LÍT,HỢP TRÍ,1.0,370000,367000.0,0.0,Chai,1
PBL,NN MX6,,MX6 1 LÍT,MAI XUÂN,1.0,60000,59000.0,0.0,Chai,1
PBL,NN MX3,,MX3 400G,MAI XUÂN,1.0,54000,53000.0,0.0,Hộp,1
PBL,NN HCR,,HCR 400G,MAI XUÂN,1.0,68000,51500.0,0.0,hủ,1
PBL,NN MXFBO,,MX FBO 400G,MAI XUÂN,1.0,55000,50000.0,0.0,Hộp,1
HKM,KM NONTAIBEO,,NÓN TAI BÈO,,1.0,0,0.0,142.0,Cái,1
HKM,HKM_NUOCRUACHEN,,NƯỚC RỬA CHÉN,,1.0,0,0.0,5.0,Gói,1
HKM,KM PHICHNUOC,,PHÍCH NƯỚC,,1.0,0,0.0,0.0,Cái,1
HKM,KM KHAUTRANG,,KHẨU TRANG KM,,1.0,0,0.0,25.0,Hộp,1
HKM,HKM_ AOTHUN,,ÁO THUN KM,,1.0,0,0.0,19.0,Cái,1
PBL,HCTOBA,,TOBA JUM 20WP 1KG,TOBA,1.0,165000,154000.0,0.0,Gói,1
PBL,HCPACLO,,PACLOR 15SC 1 LÍT,,1.0,140000,122000.0,0.0,Chai,1
THUỐC SÂU,NN REGENT,,REGENT 100ML,BAYER,1.0,65000,51000.0,0.0,Chai,1
THUỐC BỆNH,NN DITHANE,,DITHANE M45 250G,,1.0,48000,42500.0,0.0,Gói,1
PBL,TV 301010,,30-10-10 500G- TV,TRE VIET,1.0,50000,25000.0,0.0,Hộp,1
PBL,TV LAN86,,LÂN 86 1KG,TRE VIET,1.0,80000,52000.0,0.0,Hộp,1
PBL,TV SIEULAN,,SIÊU LÂN ROMA 500ML,TRE VIET,1.0,70000,36000.0,0.0,Chai,1
PBL,NDLA,,PTK -BONSAI THÁI,NONG DUOC LA,1.0,0,60000.0,0.0,Chai,1
PBL,NDLA-1,,PTK -BONSAI THÁI,NONG DUOC LA,40.0,0,2400000.0,0.0,thung,1
PBL,TV N3M,,N3M 500G- TV,TRE VIET,1.0,55000,32000.0,0.0,Hộp,1
PBG,GSN 20260,,20-26-0 USA (40KG),GARSONI,1.0,22000,18900.0,0.0,kg,1
PBG,GSN 20260-1,,20-26-0 USA (40KG),GARSONI,40.0,825000,756000.0,0.0,bao,1
PBG,GSN82424,,GSN 8-24-24 USA (40KG),GARSONI,1.0,23000,16600.0,0.0,kg,1
PBG,GSN 82424-1,,GSN 8-24-24 USA (40KG),GARSONI,40.0,875000,664000.0,0.0,bao,1
THUỐC BỆNH,SP000080,,RIDOMIN 1KG,SYGENTA,1.0,515000,502000.0,0.0,Gói,1
PBG,BCC KALISUNFAT,,KALI TRẮNG 25KG-PHI,BACONCO,1.0,28000,19200.0,0.0,kg,1
PBG,BCC KALISUNFAT-1,,KALI TRẮNG 25KG-PHI,BACONCO,25.0,670000,480000.0,0.0,Bao,1
THUỐC SÂU,BASF0012,,MALLOT 50DC 100ML,BASF,1.0,175000,150000.0,0.0,Chai,1
PBL,HC01,,HTC ĐẠI NGÀN 500ML,,1.0,58000,53000.0,0.0,Chai,1
THUỐC SÂU,NN VIRTAKO,,VIRTAKO 40WG 4.5G,SYGENTA,1.0,23000,18000.0,0.0,Gói,1
PBL,NN0012,,TRICO-ĐHCT 500G,,1.0,65000,43500.0,0.0,Gói,1
PBG,BM 151515,,BM 15-15-15 (BAO 50KG),,1.0,26000,23200.0,0.0,kg,1
PBG,BM 151515-1,,BM 15-15-15 (BAO 50KG),,50.0,1260000,1160000.0,0.0,BAO,1
PBG,DAP NP,,DAP KOREA NGUYỄN PHAN,,1.0,28000,27000.0,0.0,kg,1
PBG,DAP NP-1,,DAP KOREA NGUYỄN PHAN,,50.0,1370000,1350000.0,0.0,Bao,1
PBG,BM TIM,,BM 20-10-10 TÍM BAO 25 KG,BM,1.0,32000,30877.08,0.0,kg,1
PBG,BM-1,,BM 20-10-10 TÍM BAO 25 KG,BM,25.0,795000,771927.0,0.0,BAO,1
LÂN BAO,LÂN NB,,LÂN NINH BÌNH,NINH BÌNH,1.0,9000,7400.0,0.0,kg,1
LÂN BAO,LAN NB-bao,,LÂN NINH BÌNH,NINH BÌNH,50.0,385000,370000.0,0.0,Bao,1
PBL,HT023,,KALI-PHOS 1 LÍT,HỢP TRÍ,1.0,200000,215000.0,0.0,Chai,1
PBL,HT022,,KALI-PHOS 500ML,BCC,1.0,105000,115000.0,0.0,Chai,1
THUỐC SÂU,HT021,,CARBOSAN 400ML,HỢP TRÍ,1.0,120000,113000.0,0.0,Chai,1
THUỐC SÂU,HC002,,VITHADAN 95WP 100G (VÀNG),VIỆT THẮNG,1.0,18000,16900.0,0.0,Gói,1
THUỐC SÂU,SP000101,,VITHADAN 95WP 100G (VÀNG),VIỆT THẮNG,100.0,1800000,1690000.0,0.0,THÙNG,1
THUỐC BỆNH,HC-001,,MEXYL MZ 72WP 100G,,1.0,24000,18300.0,0.0,Gói,1
THUỐC BỆNH,SP000070,,MEXYL MZ 72WP 100G,,100.0,2350000,1830000.0,0.0,THÙNG,1
THUỐC BỆNH,SP000195,,MEXYL MZ 72WP 100G,,10.0,240000,183000.0,0.0,Hộp,1
THUỐC SÂU,NN0004,,ASCEND 200SP 50G,,1.0,20000,16500.0,0.0,Gói,1
THUỐC SÂU,NN0005,,ASCEND 200SP 100G,,1.0,35000,27800.0,0.0,Gói,1
PBL,NN0003,,N3M 100G- PL,PHÚ LÂM,1.0,20000,17800.0,0.0,hủ,1
THUỐC BỆNH,HP_TISA100,,TISABE 550SC 100ML,HP,1.0,55000,38682.42,0.0,Chai,1
THUỐC BỆNH,HP_AMTE100,,AMTECH 100EW 100ML,HP,1.0,50000,40000.0,0.0,Chai,1
HKM,HKM012,,NÓN BẢO HIỂM YARA,,1.0,0,0.0,1.0,Cái,1
HKM,HKM011,,BAO TAY YARA,,1.0,0,0.0,30.0,Đôi,1
HKM,HKM010,,ÁO MƯA VPC,,1.0,0,0.0,0.0,Cái,1
THUỐC BỆNH,HP_B2,,TUYẾN TRÙNG B2 480ML,HP,1.0,135000,126813.39,0.0,Chai,1
THUỐC BỆNH,HP028,,TUYẾN TRÙNG B2 240ML,HP,1.0,72000,58971.43,0.0,Chai,1
THUỐC CỎ,HP0028,,CONIFA 200ME 900ML,HP,1.0,185000,154128.21,0.0,Chai,1
THUỐC CỎ,HP027,,TIGUAN 150SL 240ML,HP,1.0,35000,24412.84,0.0,Chai,1
THUỐC CỎ,HP_TIGUAN900,,TIGUAN 150SL 900ML,HP,1.0,105000,65775.64,0.0,Chai,1
THUỐC BỆNH,HP025,,ROMIL 72WP 100G,HP,1.0,40000,26619.05,0.0,Gói,1
THUỐC SÂU,HP024,,GOLD TRESS 750WP 75G,HP,1.0,35000,25059.05,0.0,Gói,1
THUỐC SÂU,HP_GOL20,,GOLD TRESS 750WP 20G,HP,1.0,12000,6956.19,0.0,Gói,1
THUỐC BỆNH,HP022,,ACTIVO SUPER 648WP 30G,HP,1.0,18000,12285.71,0.0,Gói,1
THUỐC BỆNH,HP021,,ACTIVO SUPER 648WP 100G,HP,1.0,50000,46000.0,0.0,Gói,1
THUỐC SÂU,HP_ZOBIN,,ZOBIN 90WP 100G,HP,1.0,40000,31424.91,0.0,Gói,1
HỮU CƠ,PM000018,,HỮU CƠ CÁ AUTUS 25KG,PHÚ MỸ,1.0,14000,8500.0,0.0,Kg,1
HỮU CƠ,SP000019,,HỮU CƠ CÁ AUTUS 25KG,PHÚ MỸ,25.0,320000,212500.0,0.0,bao,1
HỮU CƠ,BCC035,,HỮU CƠ CÁ ANIMA- NAUY 25KG,BACONCO,1.0,13000,9800.0,0.0,kg,1
HỮU CƠ,SP000031,,HỮU CƠ CÁ ANIMA- NAUY 25KG,BACONCO,25.0,300000,245000.0,0.0,Bao,1
HKM,HKM008,,NỒI CƠM ĐIỆN,,1.0,0,0.0,0.0,Cái,1
HKM,HKM007,,XE RÙA,,1.0,650000,480000.0,1.0,Chiếc,1
HKM,SP000068,,XE RÙA,,1.0,0,480000.0,1.0,Xe KM,1
HKM,HKM006,,NÓN BẢO HIỂM PTK,,1.0,0,150000.0,0.0,Cái,1
HKM,HKM005,,ÁO MƯA XANH HP,,1.0,0,0.0,0.0,Cái,1
HKM,HKM004,,THAU RẢI PHÂN,,1.0,0,28000.0,0.0,Cái,1
THUỐC BỆNH,NN0109,,BÁM DÍNH 1LIT,,1.0,30000,0.0,0.0,Chai,1
THUỐC BỆNH,NN0108,,BÁM DÍNH 500ML,,1.0,16000,10500.0,0.0,Chai,1
THUỐC CỎ,SP000010,,GLYPHADEX 1 LÍT- BCC,BACONCO,1.0,160000,155000.0,0.0,Chai,1
THUỐC BỆNH,SP000008,,ENCOLETON 25WP,ALFA SÀI GÒN,1.0,6000,4200.0,0.0,Gói,1
THUỐC SÂU,SP000004,,MAP LOGIC,NK- Singabo,1.0,105000,0.0,0.0,gói,1
PBG,YARA010,,MILA UNIK 16 (25KG),YARA,1.0,23000,19008.84,0.0,kg,1
PBG,SP000028,,MILA UNIK 16 (25KG),YARA,25.0,560000,475221.0,0.0,Bao,1
PBG,YARA151515,,YARA 15-15-15 (25KG)- MILA TRISTA,YARA,1.0,23000,19500.39,0.0,kg,1
PBG,SP000009,,YARA 15-15-15 (25KG)- MILA TRISTA,YARA,25.0,560000,487509.75,0.0,bao,1
PBG,YARA008,,MILA RACER 21-17-3 (25KG),YARA,1.0,23000,18800.0,0.0,kg,1
PBG,SP000006,,MILA RACER 21-17-3 (25KG),YARA,25.0,560000,470000.0,0.0,bao,1
PBG,YARA007,,MILA PLUS 20-10-10 (25KG),YARA,1.0,23000,20500.0,0.0,kg,1
PBG,SP000027,,MILA PLUS 20-10-10 (25KG),YARA,25.0,560000,512500.0,0.0,Bao,1
PBG,YARA006,,MILA DRAGON 13-6-21 (25KG),YARA,1.0,28000,24689.51,0.0,kg,1
PBG,SP000029,,MILA DRAGON 13-6-21 (25KG),YARA,25.0,670000,617237.75,0.0,Bao,1
PBG,YARA005,,COMPLEX 12-11-18 NAUY (25KG),YARA,1.0,29000,23750.0,0.0,kg,1
PBG,SP000063,,COMPLEX 12-11-18 NAUY (25KG),YARA,25.0,690000,593750.0,0.0,bao,1
PBG,YARA004,,LIVA TROPICOTE (25KG),YARA,1.0,15000,13040.0,0.0,kg,1
PBG,SP000026,,LIVA TROPICOTE (25KG),YARA,25.0,360000,326000.0,0.0,Bao,1
PBG,YARA003,,LIVA NITRABOR 25KG,YARA,1.0,17000,14500.0,0.0,kg,1
PBG,SP000025,,LIVA NITRABOR 25KG,YARA,25.0,400000,362500.0,0.0,bao,1
PBG,YARA002,,LIVA NATRIBOR (25KG),YARA,1.0,5,0.0,0.0,kg,1
PBG,YARA2577,,YARA 25-7-7 FASTER (25KG),YARA,1.0,22000,17800.0,0.0,kg,1
PBG,SP000102,,YARA 25-7-7 FASTER (25KG),YARA,25.0,520000,445000.0,0.0,Bao,1
PBL,TV010,,SIÊU LÂN 1LIT,TRE VIET,1.0,120000,60000.0,0.0,Chai,1
PBL,TV009,,ROOT 1&2 ORGANIC 5LIT,TRE VIET,1.0,155000,105000.0,0.0,can,1
PBL,TV008,,RA RỄ CỰC MẠNH ROOTS 10LIT,TRE VIET,1.0,450000,250000.0,0.0,can,1
PBL,TV006,,LỚN TRÁI DỪA 500ML,TRE VIET,1.0,70000,32000.0,0.0,Chai,1
PBL,TV004,,CANXI BO DỪA 500ML,TRE VIET,1.0,70000,30000.0,0.0,Chai,1
PBL,TV003,,SIÊU VỌT ĐỌT 500ML,TRE VIET,1.0,60000,28999.99,0.0,Chai,1
PBL,TV001,,CANXI BO VÀNG 500ML,TRE VIET,1.0,60000,30000.0,0.0,Chai,1
PBL,PTK011,,VỌT ĐỌT THẦN TỐC,NONG DUOC LA,1.0,100000,55000.0,0.0,Túi,1
PBL,SP000067,,VỌT ĐỌT THẦN TỐC,NONG DUOC LA,10.0,950000,550000.0,0.0,xô,1
PBG,PTK010,,ROOT 2 (10KG),NONG DUOC LA,1.0,55000,20500.0,0.0,kg,1
PBG,SP000033,,ROOT 2 (10KG),NONG DUOC LA,10.0,530000,205000.0,0.0,Túi,1
PBL,PTK009,,NANO ROOT,PTK,1.0,85000,35000.0,0.0,chai,1
PBL,PTK008,,HUMIC VIÊN 1KG,NONG DUOC LA,1.0,65000,22000.0,0.0,gói,1
PBL,SP000093,,HUMIC VIÊN 1KG,NONG DUOC LA,25.0,0,550000.0,0.0,THÙNG,1
PBL,PTK007,,HUMIC VẢY TÔM,NONG DUOC LA,1.0,105000,45000.0,0.0,gói,1
PBL,SP000317,,HUMIC VẢY TÔM,NONG DUOC LA,25.0,2625000,1125000.0,0.0,THÙNG,1
PBL,PTK006,,HUMIC BỘT 1KG,PTK,1.0,65000,0.0,0.0,gói,1
PBL,PTK002,,AGROPLUS ORGANIC A ( CÁ HỒI NAUY ) 5LIT,PTK,1.0,350000,280000.0,0.0,can,1
THUỐC BỆNH,PT017,,ANDOBYDOMING 100G,TY PHUC THINH,1.0,22000,17000.0,0.0,Gói,1
THUỐC BỆNH,PT014,,SIÊU NẤM BỆNH VÀNG 500G,TY PHUC THINH,1.0,65000,44000.0,0.0,Gói,1
THUỐC BỆNH,PT013,,SIÊU NẤM BỆNH ẤN ĐỘ XANH 80WP 1KG,TY PHUC THINH,1.0,120000,96575.0,0.0,Gói,1
THUỐC BỆNH,PT012,,SIÊU NẤM BỆNH XANH 500G,TY PHUC THINH,1.0,65000,48199.52,0.0,Gói,1
THUỐC SÂU,PT010,,RESGANKAMEC 3.6EC NƯỚC TRONG,TY PHUC THINH,1.0,80000,40740.0,0.0,Chai,1
THUỐC SÂU,PT009,,RESGANGSUPER 5.0 EC 450ml (SÂU) NƯỚC ĐỎ,TY PHUC THINH,1.0,90000,64000.0,0.0,Chai,1
THUỐC SÂU,PT005,,FORSAN 60EC 450ML,TY PHUC THINH,1.0,125000,87400.0,0.0,Chai,1
THUỐC SÂU,SP000364,,FORSAN 60EC 450ML,TY PHUC THINH,40.0,5000000,3496000.0,0.0,THÙNG,1
THUỐC SÂU,PT003,,ALATOX 100EC 450ML,TY PHUC THINH,1.0,65000,46000.0,0.0,Chai,1
PBL,PSV004,,SIÊU MAGIE BO KẼM 1KG,PSV,1.0,35000,25561.57,0.0,Gói,1
PBL,PSV003,,SÂM ĐẤT TRẮNG 5L,PSV,1.0,145000,93092.47,0.0,can,1
PBL,PSV002,,SÂM ĐẤT XANH 5L_CÂY CÓ MÚI,PSV,1.0,185000,121590.16,0.0,can,1
PBL,PSV001,,MANHE SIÊU HẤP THỤ 1KG,PSV,1.0,28000,21277.0,0.0,Gói,1
PBL,NY002,,NYRO 0.01SL 10ML,NGOC YEN,1.0,15000,9600.0,0.0,Gói,1
THUỐC SÂU,NY001,,CHLORFERAN 240SC 15ML,NGOC YEN,1.0,18000,13800.0,0.0,Gói,1
PBL,NN110,,BIOTED 603 1LIT,VĨNH LONG,1.0,68000,65000.0,0.0,Chai,1
PBL,NN109,,BIOTED 602 1LIT,VĨNH LONG,1.0,60000,53000.0,0.0,Chai,1
THUỐC SÂU,NN108,,BASA 50EC,VIỆT THẮNG,1.0,45000,43000.0,0.0,Chai,1
THUỐC SÂU,SP000218,,BASA 50EC,VIỆT THẮNG,30.0,1340000,1290000.0,0.0,THÙNG,1
THUỐC BỆNH,NN107,,SCORE 250EC 50ML,SYGENTA,1.0,68000,0.0,0.0,Chai,1
THUỐC SÂU,NN106,,SELECRON 100ML,SYGENTA,1.0,55000,53300.0,0.0,Chai,1
THUỐC BỆNH,NN105,,TILT SUPER 100ML,SYGENTA,1.0,85000,82000.0,0.0,Chai,1
THUỐC BỆNH,NN104,,RIDOMILGOLD 100,SYGENTA,1.0,53000,51500.0,0.0,Gói,1
THUỐC BỆNH,NN103,,ANVIL 5SC 1 LÍT,SYGENTA,1.0,270000,262000.0,0.0,Chai,1
THUỐC BỆNH,NN102,,ANVIL 250ML,SYGENTA,1.0,75000,70000.0,0.0,Chai,1
THUỐC BỆNH,NN101,,ANVIL 100ML,SYGENTA,1.0,30000,30000.0,0.0,Chai,1
PBL,NN100,,PROGIBB 40% SG 2.5G,SUMITOMO,1.0,36000,28000.0,0.0,Gói,1
THUỐC SÂU,NN099,,BORNEO 11SC 100ML,SUMITOMO,1.0,150000,0.0,0.0,Chai,1
PBL,NN098,,COMCAT 150 P,LUA VANG,1.0,13000,10800.0,0.0,Gói,1
THUỐC BỆNH,NN097,,ISACOP 65.2 WP 100GR,LOC TROI,1.0,27000,23500.0,0.0,Gói,1
THUỐC BỆNH,NN096,,VALI 5TSC 1 LÍT,LION,1.0,55000,34500.0,0.0,Chai,1
THUỐC BỆNH,NN095,,VALI 5TSC 5 LÍT,LION,1.0,180000,0.0,0.0,can,1
THUỐC SÂU,NN094,,RONADO 420ML 500EC,I FARM,1.0,150000,0.0,0.0,Chai,1
PBL,NN093,,GABACYTO 500 ML,I FARM,1.0,15000,0.0,0.0,Chai,1
PBL,NN092,,LITOSEN,I FARM,1.0,55000,47000.0,0.0,Chai,1
THUỐC SÂU,NN090,,ALTACH 5EC 250ML,HAI,1.0,35000,0.0,0.0,Chai,1
THUỐC BỆNH,NN089,,FLINT PRO 648WG 100G,FMC,1.0,48000,37676.47,0.0,Gói,1
THUỐC BỆNH,NN088,,ANTRACOL LOẠI 1 KÍ,BAYER,1.0,295000,286000.0,0.0,Gói,1
THUỐC SÂU,NN087,,REGENT 1.6G(BY),BAYER,1.0,15000,11800.0,0.0,Gói,1
THUỐC CHUỘT,NN086,,RACUMIN 20G CHUỘT BỘT,BAYER,1.0,20000,14300.0,0.0,Gói,1
THUỐC BỆNH,NN085,,PROFILER 711.1WG,BAYER,1.0,51000,47500.0,0.0,Gói,1
THUỐC BỆNH,NN084,,NATIVO 750WG 8G,BAYER,1.0,18000,17200.0,0.0,Gói,1
THUỐC SÂU,NN083,,MOVENTO 100ML,BAYER,1.0,100000,78000.0,0.0,Chai,1
THUỐC BỆNH,NN082,,MOCEREN 250SC 240ML,BAYER,1.0,72000,71500.0,0.0,Chai,1
THUỐC BỆNH,NN081,,MELODY 66.75WP 100G,BAYER,1.0,36000,34171.79,0.0,Gói,1
THUỐC SÂU,NN080,,CONFIDOR 100ML,BAYER,1.0,122000,94500.0,0.0,Chai,1
THUỐC BỆNH,NN079,,ANTRACOL 100GR,BAYER,1.0,33000,30300.0,0.0,Gói,1
THUỐC BỆNH,NN078,,ALIETLE 800WG 100G,BAYER,1.0,52000,49996.27,0.0,Gói,1
THUỐC SÂU,NN077,,CONFIDOR LỌ 20ML,BAYER,1.0,28000,25500.0,0.0,Lọ,1
THUỐC BỆNH,NN076,,CADILAC 80WP 1KG,VĨNH THẠNH,1.0,168000,141000.0,0.0,Gói,1
THUỐC SÂU,NN074,,VBC SÁT TRÙNG 1KG,,1.0,150000,190000.0,0.0,Gói,1
THUỐC SÂU,NN073,,CYPER ALPHA 500ML,THANH SƠN,1.0,60000,58000.0,0.0,Chai,1
PBL,NN072,,KEO MỸ TIẾN 100G,,1.0,22000,21000.0,0.0,Chai,1
THUỐC SÂU,NN071,,VIZUBON,,1.0,22000,20800.0,0.0,Hộp,1
THUỐC BỆNH,NN070,,HEXATHAI 1LIT,BIO CHEMICAL,1.0,95000,60000.0,0.0,Chai,1
THUỐC SÂU,NN069,,BAKARI CHẾT SẠCH RUÔI,,1.0,45000,41500.0,0.0,Chai,1
THUỐC ỐC,NN068,,PILOT 15AB (RÃI ỐC),,1.0,5,35500.0,0.0,Gói,1
THUỐC BỆNH,NN067,,KASU THÁI 450ML,TY PHUC THINH,1.0,60000,35000.0,0.0,Chai,1
THUỐC SÂU,NN066,,INMANDA 100WP 100G (SIÊU CHÍCH HÚT),,1.0,30000,15000.0,0.0,Gói,1
PBL,NN065,,ROOT 2 100 ML,THIÊN ĐỨC,1.0,36000,32000.0,0.0,Chai,1
THUỐC SÂU,NN064,,DINO -SIÊU RẦY RỆP 300WP 200G,,1.0,25000,0.0,0.0,Gói,1
PBG,NN063,,URE PHÚ MỸ (50KG),,1.0,15000,13000.0,0.0,kg,1
PBG,SP000037,,URE PHÚ MỸ (50KG),,50.0,690000,650000.0,0.0,Bao,1
THUỐC BỆNH,NN061,,DACOMIL 75WP 15G NHỎ,VIỆT THẮNG,1.0,10000,6487.8,0.0,Gói,1
THUỐC SÂU,NN059,,ARRIVO 25EC 1LIT (NHÔM)- WAMTOX,VIỆT THẮNG,1.0,170000,142000.0,0.0,Chai,1
THUỐC SÂU,NN058,,VITHADAN 95WP 100G (XANH),VIỆT THẮNG,1.0,17000,13600.0,0.0,Gói,1
THUỐC SÂU,SP000156,,VITHADAN 95WP 100G (XANH),VIỆT THẮNG,100.0,1700000,1360000.0,0.0,THÙNG,1
THUỐC BỆNH,NN057,,VALIVITHACO 5SL 5 LÍT,VIỆT THẮNG,1.0,180000,170000.0,0.0,can,1
THUỐC BỆNH,NN056,,VALIVITHACO 5SC 450ML,VIỆT THẮNG,1.0,25000,25000.0,0.0,Chai,1
THUỐC BỆNH,NN055,,VALIVITHACO 5SC 1L,VIỆT THẮNG,1.0,38000,36000.0,0.0,Chai,1
THUỐC SÂU,NN053,,TASIEU 1.9 450ML,VIỆT THẮNG,1.0,48000,44500.0,0.0,Chai,1
THUỐC SÂU,SP000219,,TASIEU 1.9 450ML,VIỆT THẮNG,32.0,1536000,1424000.0,0.0,THÙNG,1
THUỐC CHUỘT,NN052,,RAT K 2%DP CHUỘT BỘT,THANH SƠN,1.0,5000,3200.0,0.0,Gói,1
THUỐC BỆNH,NN051,,MATAXYL 500WP 100GR (BỘT),MAPPACIFIC,1.0,85000,82500.0,0.0,Gói,1
THUỐC ỐC,NN050,,HELIX 15G ỐC,,1.0,5,0.0,0.0,Gói,1
THUỐC SÂU,NN049,,CYRUX 25EC 500ML,HAI,1.0,130000,0.0,0.0,Chai,1
THUỐC CỎ,NN047,,BM PROMAX,BM,1.0,5,0.0,0.0,Gói,1
THUỐC SÂU,NN046,,BIPERIN GOLD 250EC 1 LÍT,HAI,1.0,225000,195598.68,0.0,Chai,1
THUỐC BỆNH,NN045,,ANNONG VIN 1 LÍT,AN NÔNG,1.0,65000,43000.0,0.0,Chai,1
THUỐC SÂU,NN042,,ALFAMITE 1LIT (NHỆN LỚN),VIỆT THẮNG,1.0,150000,142000.0,0.0,Chai,1
PBL,NN041,,N3M (500g)- PL,PHÚ LÂM,1.0,85000,83000.0,0.0,Hộp,1
PBL,NN040,,N3M 1KG,PHÚ LÂM,1.0,5,0.0,0.0,Hộp,1
THUỐC SÂU,NN039,,TATA 25W 30G,NGỌC TÙNG,1.0,18000,0.0,0.0,Gói,1
THUỐC SÂU,NN038,,RB 100G,NHẬT VIỆT,1.0,30000,9800.0,0.0,Gói,1
THUỐC SÂU,NN037,,PROFOS 750EC 400ML,,1.0,150000,115000.0,0.0,Chai,1
THUỐC SÂU,NN036,,PADAN 95SP 100G,SUMITOMO,1.0,93000,91500.0,0.0,Gói,1
THUỐC SÂU,SP000099,,PADAN 95SP 100G,SUMITOMO,150.0,13950000,13725000.0,0.0,THÙNG,1
THUỐC CỎ,NN035,,ONE CIDE 15EC 90ML,,1.0,40000,0.0,0.0,Chai,1
THUỐC SÂU,NN034,,MAP JONO 70WP 4G,,1.0,10000,4800.0,0.0,Gói,1
THUỐC BỆNH,NN032,,KUMULUS 80WG 100G,,1.0,15000,8000.0,0.0,Gói,1
THUỐC SÂU,NN031,,CONPHAI 5G,ĐỒNG XANH,1.0,10000,0.0,0.0,Gói,1
THUỐC BỆNH,NN029,,ANTACO 500EC 450ML,VIỆT THẮNG,1.0,45000,0.0,0.0,Chai,1
THUỐC BỆNH,NN028,,AGRIFOS 400 1LIT,,1.0,265000,257000.0,0.0,Chai,1
PBL,NN027,,T90 15G,,1.0,90000,78000.0,0.0,Lọ,1
THUỐC SÂU,NN026,,SAPEN ALPHA 5EC,SÀI GÒN,1.0,45000,38000.0,0.0,Chai,1
PBL,NN025,,ROOTS A9 25ML,BIÌNH CHÁNH,1.0,12000,7800.0,0.0,Gói,1
THUỐC SÂU,NN023,,PREVATHON 0.4GR 2KG,BAYER,1.0,105000,92500.0,0.0,Gói,1
THUỐC ỐC,NN022,,ỐC TATOO 800G,LION,1.0,50000,0.0,0.0,Gói,1
THUỐC ỐC,NN021,,ỐC BƯU VÀNG 15GR 800G,,1.0,50000,0.0,0.0,Gói,1
PBL,NN020,,MX TƯỚI 1 700G,MAI XUÂN,1.0,45000,41500.0,0.0,Gói,1
PBL,NN018,,GA3 AC GABACYTO 50TB 4GR,,1.0,5000,2800.0,0.0,Viên,1
THUỐC SÂU,NN017,,FEROLY 125WP 10G,NHẬT VIỆT,1.0,15000,9886.21,0.0,Gói,1
THUỐC SÂU,NN016,,DẦU KHOÁNG 1LIT,,1.0,95000,74500.0,0.0,Chai,1
THUỐC SÂU,NN015,,DÁN RUỒI VÀNG AN PHÁT,AN PHÁT,1.0,12000,8000.0,0.0,miếng,1
THUỐC SÂU,NN014,,CONPHAI 100GR,ĐỒNG XANH,1.0,13000,11500.0,0.0,Gói,1
THUỐC SÂU,SP000220,,CONPHAI 100GR,ĐỒNG XANH,100.0,1300000,1150000.0,0.0,THÙNG,1
THUỐC BỆNH,NN013,,COC 85 20G,NGỌC ANH,1.0,10000,8400.0,0.0,Gói,1
THUỐC BỆNH,NN012,,COC 85 1KG,NGỌC ANH,1.0,280000,274000.0,0.0,Gói,1
THUỐC BỆNH,NN011,,COC 85 (100G),NGỌC ANH,1.0,34000,31800.0,0.0,Gói,1
THUỐC BỆNH,NN010,,MAPLOGIC 900WP 1KG,,1.0,120000,0.0,0.0,Gói,1
PBL,NN009,,MANTUS 100ML,,1.0,115000,95000.0,0.0,Chai,1
THUỐC CỎ,NN008,,DUAL GOLD 96EC 50ML- DIỆT MẦM,SYGENTA,1.0,35000,34500.0,0.0,Chai,1
THUỐC BỆNH,NN006,,KASUMIN 2 SL 425ML,ARYSTA,1.0,55000,45000.0,0.0,Chai,1
THUỐC BỆNH,NN005,,CUPROXAT 345SC 500ML,,1.0,92000,84000.0,0.0,Chai,1
THUỐC SÂU,NN004,,SU PHU 10 GR 1KG,,1.0,58000,0.0,0.0,Gói,1
THUỐC BỆNH,NN003,,CUPROXAT 345SC 100ML,,1.0,25000,0.0,0.0,Chai,1
THUỐC BỆNH,NN002,,CHAMPION,,1.0,35000,30600.0,0.0,Gói,1
PBL,NN001,,ATONIK 1.8 SC 10ML,,1.0,8000,7150.0,0.0,Gói,1
PBL,SP000075,,ATONIK 1.8 SC 10ML,,10.0,75000,71500.0,0.0,Hộp,1
THUỐC SÂU,NICOTEX012,,SÁT TRÙNG ĐAN 1KG,NICOTEX,1.0,35000,30500.0,0.0,Gói,1
THUỐC SÂU,NICOTEX011,,SÁT TRÙNG ĐAN 100G,NICOTEX,1.0,17000,16406.97,0.0,Gói,1
THUỐC SÂU,SP000121,,SÁT TRÙNG ĐAN 100G,NICOTEX,100.0,1700000,1640697.0,0.0,THÙNG,1
THUỐC SÂU,NICOTEX010,,MIDAN 10WP 100G,NICOTEX,1.0,25000,14100.0,0.0,Gói,1
THUỐC BỆNH,NICOTEX009,,VALI 5 -5LIT,NICOTEX,1.0,5,0.0,0.0,can,1
THUỐC BỆNH,NICOTEX008,,JINGANGMESU 1L,NICOTEX,1.0,42000,0.0,0.0,Chai,1
THUỐC SÂU,NICOTEX007,,SÂU AJUNI 16G,NICOTEX,1.0,15000,10000.0,0.0,Gói,1
THUỐC SÂU,NICOTEX006,,NITOX 450ML,NICOTEX,1.0,95000,74142.86,0.0,Chai,1
THUỐC SÂU,NICOTEX005,,NIED 240ML,NICOTEX,1.0,50000,0.0,0.0,Chai,1
THUỐC SÂU,NICOTEX004,,METOX 450ML,NICOTEX,1.0,60000,40300.0,0.0,Chai,1
THUỐC SÂU,NICOTEX003,,DETECT 100G,NICOTEX,1.0,70000,55400.0,0.0,Gói,1
THUỐC BỆNH,NICOTEX002,,CHEVIN 5 NANO 1L,NICOTEX,1.0,160000,76000.0,0.0,Chai,1
THUỐC BỆNH,NICOTEX001,,CHEVIN 5 1L,NICOTEX,1.0,114000,65000.0,0.0,Chai,1
PBL,ND011,,XÔ PHỤC HỒI 20LIT,NONG DUOC LA,1.0,90000,0.0,0.0,Túi,1
PBL,ND010,,BLOOD & bONE,NONG DUOC LA,1.0,125000,75000.0,0.0,Chai,1
PBL,NDLA _TRICO,,NDLA -TRICHODERMA 1KG,NONG DUOC LA,1.0,95000,43500.0,0.0,Gói,1
PBL,ND008,,SIÊU LÂN ĐỎ 500ML,NONG DUOC LA,1.0,70000,40000.0,0.0,Chai,1
PBL,NDLA _MKP,,NDLA -MKP SWISS 0-54-32 1KG,NONG DUOC LA,1.0,125000,70000.0,0.0,Gói,1
PBL,ND006,,FULVIC RONG BIỂN 5LIT,NONG DUOC LA,1.0,250000,150000.0,0.0,can,1
PBL,ND005,,ĐẠM CÁ 1LIT,NONG DUOC LA,1.0,95000,45000.0,0.0,Chai,1
THUỐC BỆNH,ND004,,ĐỒNG ĐỎ 500ML,NONG DUOC LA,1.0,80000,35000.0,0.0,Chai,1
THUỐC BỆNH,ND003,,COZEB M95,NONG DUOC LA,1.0,125000,70000.0,0.0,Chai,1
PBL,NDLA 33-11-11,,NDLA 33-11-11 500G,NONG DUOC LA,1.0,65000,40000.0,0.0,hủ,1
PBL,ND001,,10-60-10 (ND) LÀM BÔNG,NONG DUOC LA,1.0,65000,35000.0,0.0,hủ,1
PBL,MV001,,NAPOLI HỢP CHẤT DƯỠNG RỄ 100ML,MAI VÀNG,1.0,15000,11000.0,0.0,Chai,1
THUỐC BỆNH,JP005,,NUZOLE 40EC 200ML,JAPEC,1.0,300000,266500.0,0.0,Chai,1
THUỐC SÂU,JP004,,FORTARAS 25WG 30 GR,JAPEC,1.0,25000,15800.0,0.0,Gói,1
THUỐC BỆNH,JP003,,FORTAMIN 6WP 30 GR,JAPEC,1.0,13000,9800.0,0.0,Gói,1
THUỐC SÂU,JP002,,FAN EXTRA 350SC 100ML,JAPEC,1.0,102000,83640.0,0.0,Chai,1
THUỐC SÂU,JP001,,ABATOX 3.6 EC 400ML,JAPEC,1.0,76000,46500.0,0.0,Chai,1
THUỐC SÂU,HT017,,THIAMAX 20G,HỢP TRÍ,1.0,28000,24000.0,0.0,Gói,1
PBL,HT016,,SUPER HUMIC BỘT 1KG,HỢP TRÍ,1.0,78000,73000.0,0.0,Gói,1
PBL,SP000194,,SUPER HUMIC BỘT 1KG,HỢP TRÍ,20.0,1500000,1460000.0,0.0,THÙNG,1
THUỐC CHUỘT,HT015,,STORM CHUỘT VIÊN,BCC,1.0,20000,20500.0,0.0,Gói,1
THUỐC BỆNH,HT014,,PHYTOCIDE 15G,BCC,1.0,16000,15800.0,0.0,Gói,1
THUỐC SÂU,HT013,,PERMECIDE 100ML,BCC,1.0,50000,52000.0,0.0,Chai,1
PBL,HT012,,ORGANO FORCE 25ML,BCC,1.0,12000,11000.0,0.0,Gói,1
THUỐC BỆNH,HT011,,NORSHIELD (ĐỎ 50G),HỢP TRÍ,1.0,29000,27200.0,0.0,Gói,1
THUỐC SÂU,HT010,,NILMITE 10ML,HỢP TRÍ,1.0,15000,13000.0,0.0,Gói,1
THUỐC SÂU,HT009,,NILMITE 100ML,HỢP TRÍ,1.0,110000,96430.46,0.0,Chai,1
PBL,HT008,,HYDROPHOS 0.5L,BCC,1.0,140000,119000.0,0.0,Chai,1
PBL,HT007,,HYDROFOS -ZN ( 100ML ),HỢP TRÍ,1.0,36000,36805.43,0.0,Chai,1
THUỐC BỆNH,HT006,,EDDY 72WP (50G),HỢP TRÍ,1.0,32000,29500.0,0.0,Gói,1
THUỐC BỆNH,HT005,,EDDY 300G,BCC,1.0,170000,161000.0,0.0,Gói,1
THUỐC SÂU,HT004,,CARBOSAN 100ML,BCC,1.0,35000,37000.0,0.0,Chai,1
PBL,HT003,,BRIGHTSTAR 25SC 500ML,HỢP TRÍ,1.0,195000,190000.0,0.0,Chai,1
THUỐC SÂU,HT002,,BRIGHTIN 15 ML,HỢP TRÍ,1.0,10000,7896.1,0.0,Gói,1
THUỐC SÂU,HT001,,ACTIMAX GÓI,BCC,1.0,10000,9200.0,0.0,Gói,1
THUỐC BỆNH,HP011,,XANIZED 72WP 500G,HP,1.0,155000,122433.39,0.0,Gói,1
THUỐC BỆNH,SP000122,,XANIZED 72WP 500G,HP,20.0,3100000,2448667.8,0.0,thung,1
THUỐC BỆNH,HP010,,XANIZED 72WP 100G,HP,1.0,40000,22933.33,0.0,Gói,1
THUỐC BỆNH,SP000323,,XANIZED 72WP 100G,HP,100.0,4000000,2293333.0,0.0,THÙNG,1
THUỐC BỆNH,HP009,,TISABE 550SC 450ML,HP,1.0,210000,167382.23,0.0,Chai,1
THUỐC BỆNH,HP007,,MONEY 325SC 240ML,HOANG PHUC,1.0,250000,233562.13,0.0,Chai,1
THUỐC SÂU,HP_JOJO,,JOJOTINO 350WP 12G,HP,1.0,25000,16500.0,0.0,Gói,1
THUỐC BỆNH,HP005,,HANOVIL 10SC 1LIT,HOANG PHUC,1.0,170000,128867.51,0.0,Chai,1
THUỐC SÂU,HP_EMA10,,EMABEN 60SG 10G,HP,1.0,13000,6642.86,0.0,Gói,1
THUỐC SÂU,HP003,,EMABEN 2.0EC 400ML,HP,1.0,105000,84142.86,0.0,Chai,1
THUỐC SÂU,HP_EMA100,,EMABEN 2.0EC 100ML,HP,1.0,40000,28832.22,0.0,Chai,1
PBL,HOANGPHUC06,,NEPTUNRE 20ML,HOANG PHUC,1.0,10000,0.0,0.0,Gói,1
PBL,HOANGPHUC05,,HUMIC CHAI 200ML (ORGANIC NEPTUNE'S),HOANG PHUC,1.0,105000,65000.0,0.0,Chai,1
PBL,HOANGPHUC04,,HUMIC 99 2 KÍ,HOANG PHUC,1.0,5,0.0,0.0,Túi,1
PBL,HOANGPHUC03,,HUMIC 99 ( 5 KÍ),HOANG PHUC,1.0,600000,0.0,0.0,Túi,1
PBL,HOANGPHUC02,,HUMIC 95 1 KÍ,HOANG PHUC,1.0,140000,110000.0,0.0,Túi,1
PBL,HOANGPHUC01,,HUMIC 95 (20G),HOANG PHUC,1.0,12000,6500.0,0.0,Gói,1
HỮU CƠ,HH038,,HỮU CƠ BƯỚM 25KG,VĨNH THẠNH,1.0,10000,9400.0,0.0,kg,1
HỮU CƠ,SP000054,,HỮU CƠ BƯỚM 25KG,VĨNH THẠNH,25.0,250000,235000.0,0.0,BAO,1
PBG,HH037,,VÔI NÓNG 30KG,,1.0,80000,58000.0,0.0,Bao,1
PBG,HH033,,DAP TQ HỒNG HÀ (50KG),,1.0,27000,25300.0,0.0,kg,1
PBG,SP000036,,DAP TQ HỒNG HÀ (50KG),,50.0,1280000,1265000.0,0.0,Bao,1
PBL,HH030,,SUPER HUM 1LIT,PHÚ HẢO,1.0,112000,100000.0,0.0,Chai,1
PBL,HH029,,SIÊU VI LƯỢNG 3G,PTK,1.0,5000,0.0,0.0,Gói,1
PBL,HH028,,SIÊU LÂN 5G,PTK,1.0,10000,0.0,0.0,Gói,1
THUỐC BỆNH,HH027,,RAZOCIDE 721Wb 35g,NHẬT VIỆT,1.0,13000,8300.0,0.0,Gói,1
THUỐC BỆNH,HH026,,RAZOCIDE 720Wb 100g,NHẬT VIỆT,1.0,25000,0.0,0.0,Gói,1
PBL,HH024,,BI A 15ML,PHƯƠNG ĐÔNG,1.0,16000,13500.0,0.0,Gói,1
PBL,HH023,,PACLO,,1.0,120000,0.0,0.0,Xô,1
THUỐC SÂU,HH022,,ONCOL 450ML,ARYSTA,1.0,105000,0.0,0.0,Chai,1
HỮU CƠ,HH019,,HỮU CƠ HÀN QUỐC BAO TRẮNG 20KG,LONG HẢI,1.0,9000,5100.0,0.0,kg,1
HỮU CƠ,SP000044,,HỮU CƠ HÀN QUỐC BAO TRẮNG 20KG,LONG HẢI,20.0,150000,102000.0,0.0,BAO,1
LÂN BAO,HH018,,LÂN LONG THÀNH (50KG),LONG THÀNH,1.0,7000,6200.0,0.0,kg,1
LÂN BAO,SP000014,,LÂN LONG THÀNH (50KG),LONG THÀNH,50.0,325000,310000.0,0.0,bao,1
PBL,HH016,,HUM-K 5LIT,,1.0,135000,129000.0,0.0,can,1
THUỐC SÂU,HH012,,ANVADO ( VUA TRỊ RẦY )100G,VIỆT THẮNG,1.0,8000,6100.0,0.0,Gói,1
THUỐC SÂU,SP000213,,ANVADO ( VUA TRỊ RẦY )100G,VIỆT THẮNG,100.0,770000,610000.0,0.0,THÙNG,1
THUỐC BỆNH,HH011,,AGOFAST 100G,ĐỒNG XANH,1.0,30000,24000.0,0.0,Gói,1
THUỐC SÂU,HH010,,RADIANT 60SC15ML,LOC TROI,1.0,32000,29900.0,0.0,Gói,1
THUỐC CỎ,HH008,,GLYPHOSAN 1LIT,LOC TROI,1.0,165000,0.0,0.0,Chai,1
PBL,HH007,,COMBI BM 25G,BM,1.0,28000,23200.0,0.0,Gói,1
PBG,HH006,,BM 20-10-10 XANH (50KG),BM,1.0,26000,23200.0,0.0,kg,1
PBG,SP000073,,BM 20-10-10 XANH (50KG),BM,50.0,1250000,1160000.0,0.0,Bao,1
HỮU CƠ,HH001,,HỮU CƠ ĐẦU TRÂU (50KG),BINHDIEN,1.0,7000,0.0,0.0,kg,1
HỮU CƠ,SP000207,,HỮU CƠ ĐẦU TRÂU (50KG),BINHDIEN,50.0,285000,0.0,0.0,Bao,1
PBG,GSN2668RP,,GSN 26-6-8 RP 25KG,GARSONI,1.0,18000,14600.0,0.0,kg,1
PBG,SP000040,,GSN 26-6-8 RP 25KG,GARSONI,25.0,425000,365000.0,0.0,Bao,1
PBG,GSN3099,,GSN 30-9-9 USA (25KG)-ROOT POWER,GARSONI,1.0,19000,16201.36,0.0,kg,1
PBG,SP000023,,GSN 30-9-9 USA (25KG)-ROOT POWER,GARSONI,25.0,440000,405034.0,0.0,Bao,1
PBL,FF014,,PROFARM N35 BẬT CHỒI XANH LÁ 200G,FUTURER FARM,1.0,40000,29000.0,0.0,GOI,1
PBL,SP000217,,PROFARM N35 BẬT CHỒI XANH LÁ 200G,FUTURER FARM,125.0,5000000,3625000.0,0.0,THÙNG,1
PBL,FF013,,TOPMICRO 2.5G,FUTURER FARM,1.0,5000,3100.0,1.0,Gói,1
PBL,FF012,,PROFARM P55 BẬT MẦM HOA 40G HOA KIỂNG,FUTURER FARM,1.0,12000,6739.38,0.0,Gói,1
PBL,FF011,,PROFARM P30 RƯỚC MẮT CUA 200G,FUTURER FARM,1.0,45000,30000.0,0.0,Gói,1
PBL,FF010,,PROFARM P17 RA HOA SẦU RIÊNG XANH 200G,FUTURER FARM,1.0,45000,33500.0,0.0,Gói,1
PBL,FF009,,PROFARM N35 SIÊU XANH SIÊU DƯỠNG 1KG,FUTURER FARM,1.0,30000,26984.42,0.0,Gói,1
PBL,SP000163,,PROFARM N35 SIÊU XANH SIÊU DƯỠNG 1KG,FUTURER FARM,5.0,150000,134922.1,0.0,Hộp,1
PBL,FF008,,PROFARM KALISOL LỚN TRÁI LÊN GAI 200G,FUTURER FARM,1.0,45000,29500.0,0.0,Gói,1
PBL,FF007,,NPK 6-32-32 KPT RA HOA SẦU RIÊNG 250G,FUTURER FARM,1.0,45000,33000.0,0.0,Gói,1
PBL,FF006,,NPK 6-32-32 KPT HOA KIỂNG 40G,FUTURER FARM,1.0,12000,7000.0,0.0,Gói,1
PBL,FF005,,NPK 33-11-11 KPT SIÊU VỌT ĐỌT 450G,FUTURER FARM,1.0,65000,50000.0,0.0,Chai,1
PBL,FF004,,NPK 21-21-21 KPT 40G HOA KIỂNG,FUTURER FARM,1.0,12000,6900.0,0.0,Gói,1
PBL,FF003,,NPK 21-21-21 KPT DƯỠNG BÔNG SẦU RIÊNG 200G,FUTURER FARM,1.0,45000,25000.0,0.0,Gói,1
PBL,FF002,,NOVIFERT NIMAG SIÊU XANH 50G,FUTURER FARM,1.0,12000,5093.83,0.0,Gói,1
PBL,FF001,,PROFAM N35 DƯỠNG CÂY 40G,FUTURER FARM,1.0,12000,6900.0,0.0,Gói,1
LÂN BAO,BM019,,LÂN HẠ PHÈN VIÊN (50KG),BA MIỀN,1.0,6000,2900.0,0.0,kg,1
LÂN BAO,SP000096,,LÂN HẠ PHÈN VIÊN (50KG),BA MIỀN,50.0,245000,145000.0,0.0,Bao,1
LÂN BAO,BM018,,LÂN HẠ PHÈN BỘT (50KG),BA MIỀN,1.0,5000,3484.16,0.0,kg,1
LÂN BAO,SP000032,,LÂN HẠ PHÈN BỘT (50KG),BA MIỀN,50.0,235000,174208.0,0.0,Bao,1
LÂN BAO,BM017,,LÂN ĐEN HUMIC VIÊN (50KG),BA MIỀN,1.0,7000,4050.0,0.0,kg,1
LÂN BAO,SP000047,,LÂN ĐEN HUMIC VIÊN (50KG),BA MIỀN,50.0,315000,202500.0,0.0,Bao,1
LÂN BAO,BM016,,LÂN ĐEN HUMIC BỘT (50KG),BA MIỀN,1.0,7000,3850.0,0.0,kg,1
LÂN BAO,SP000039,,LÂN ĐEN HUMIC BỘT (50KG),BA MIỀN,50.0,285000,192500.0,0.0,Bao,1
PBG,BM015,,HC TỔNG HỢP (50KG),TÊ GIÁC,1.0,5,0.0,0.0,kg,1
HỮU CƠ,BM013,,HC 4 TRONG 1 (50KG),BA MIỀN,1.0,6000,3750.0,0.0,kg,1
HỮU CƠ,SP000016,,HC 4 TRONG 1 (50KG),BA MIỀN,50.0,265000,187500.0,0.0,bao,1
PBG,BM012,,30-30-0 Hoa Kỳ (50KG),BA MIỀN,1.0,20000,15500.0,0.0,kg,1
PBG,SP000050,,30-30-0 Hoa Kỳ (50KG),BA MIỀN,50.0,970000,775000.0,0.0,BAO,1
PBG,BM301010,,30-10-10 Hoa Kỳ(25KG)- XANH,BA MIỀN,1.0,18000,14300.0,0.0,kg,1
PBG,SP000082,,30-10-10 Hoa Kỳ(25KG)- XANH,BA MIỀN,25.0,430000,357500.0,0.0,bao,1
THUỐC BỆNH,BCC062,,SUPER ARMOR 100G,BACONCO,1.0,25000,19800.0,0.0,Gói,1
THUỐC BỆNH,BCC061,,PENCOZEB XANH 1KG,BACONCO,1.0,155000,119499.98,0.0,Gói,1
THUỐC BỆNH,BCC060,,PENCOZEB VÀNG 1KG,BACONCO,1.0,135000,109663.08,0.0,Gói,1
THUỐC BỆNH,BCC059,,COTRIHEX 480 ML,BACONCO,1.0,105000,85000.0,0.0,Chai,1
THUỐC SÂU,BCC058,,COCYFOS 450ML,BACONCO,1.0,125000,0.0,0.0,Chai,1
THUỐC BỆNH,BCC057,,CLEAR FUNGI 100G,BACONCO,1.0,45000,36951.15,0.0,Gói,1
PBG,BCC056,,ANTYSALITY (50KG),BACONCO,1.0,19000,15700.0,0.0,kg,1
PBG,SP000065,,ANTYSALITY (50KG),BACONCO,50.0,950000,785000.0,0.0,BAO,1
PBL,BCC053,,19-19-19 PHÁP 5KG,BACONCO,1.0,300000,201000.0,0.0,Gói,1
PBL,BCC052,,19-19-19 PHÁP 1KG,BACONCO,1.0,65000,41000.0,0.0,Gói,1
PBG,BCC051,,URE PRILLED TRẮNG 50KG,BACONCO,1.0,12000,18000.0,0.0,kg,1
PBG,SP000074,,URE PRILLED TRẮNG 50KG,BACONCO,50.0,570000,900000.0,0.0,bao,1
PBL,BCC049,,SUPERTAN XANH HỘP,BACONCO,1.0,85000,43562.5,0.0,Hộp,1
PBL,SP000095,,SUPERTAN XANH HỘP,BACONCO,20.0,1700000,871250.0,0.0,THÙNG,1
PBL,BCC048,,SUPERTAN XANH GÓI,BACONCO,1.0,10000,3700.0,0.0,Gói,1
PBL,BCC047,,SUPERTAN VÀNG HỘP,BACONCO,1.0,85000,53000.0,0.0,Hộp,1
PBL,SP000090,,SUPERTAN VÀNG HỘP,BACONCO,20.0,1700000,1060000.0,0.0,THÙNG,1
PBL,BCC046,,SUPERTAN VÀNG GÓI,BACONCO,1.0,10000,3700.0,0.0,Gói,1
PBL,SP000088,,SUPERTAN VÀNG GÓI,BACONCO,300.0,3000000,1110000.0,0.0,thung,1
PBL,BCC045,,SUPERTAN ĐỎ HỘP,BACONCO,1.0,85000,46829.56,0.0,Hộp,1
PBL,SP000085,,SUPERTAN ĐỎ HỘP,BACONCO,20.0,1200000,936591.2,0.0,THÙNG,1
PBL,BCC044,,SUPERTAN ĐỎ GÓI,BACONCO,1.0,10000,3700.0,0.0,Gói,1
PBL,SP000120,,SUPERTAN ĐỎ GÓI,BACONCO,300.0,3000000,1110000.0,0.0,thung,1
THUỐC BỆNH,BCC043,,SUPER KOSTIN 250ML,BACONCO,1.0,180000,116000.0,0.0,Chai,1
THUỐC BỆNH,BCC042,,SUPER KOSTIN 100ML,BACONCO,1.0,75000,55121.11,0.0,Chai,1
THUỐC BỆNH,BCC040,,MICROTHIOL 250G,BACONCO,1.0,22000,15000.0,0.0,Gói,1
THUỐC BỆNH,BCC039,,MICROTHIOL 1KG,BACONCO,1.0,68000,61000.0,0.0,Gói,1
PBL,BCC038,,KALIBO,BACONCO,1.0,60000,56000.0,0.0,Hộp,1
PBG,BCC037,,KALI MIỄNG (50KG),BACONCO,1.0,20000,13800.0,0.0,kg,1
PBG,SP000151,,KALI MIỄNG (50KG),BACONCO,1.0,0,13800.0,0.0,bao,1
HỮU CƠ,BCC036,,HỮU CƠ PHÁP (25KG),BACONCO,1.0,12000,8200.0,0.0,kg,1
HỮU CƠ,SP000024,,HỮU CƠ PHÁP (25KG),BACONCO,25.0,280000,205000.0,0.0,Bao,1
THUỐC CỎ,BCC034,,GLUPHADEX 900ML- CHÁY,BACONCO,1.0,85000,0.0,0.0,Chai,1
THUỐC CỎ,BCC033,,GLUPHADEX 500 ML,BACONCO,1.0,80000,69500.0,0.0,Chai,1
THUỐC CỎ,BCC032,,GLUPHADEX 1L,BACONCO,1.0,150000,134900.0,0.0,Chai,1
PBG,BCC031,,DAP FRANCE 50KG,BACONCO,1.0,29000,16569.88,0.0,kg,1
PBG,SP000072,,DAP FRANCE 50KG,BACONCO,50.0,1450000,828494.0,0.0,Bao,1
THUỐC BỆNH,BCC030,,COMANCY 500g,BACONCO,1.0,155000,115000.0,0.0,Gói,1
PBL,BCC029,,COFOLI ZIN 50,BACONCO,1.0,115000,79045.81,0.0,Chai,1
PBL,BCC028,,COFOLI PK 500,BACONCO,1.0,130000,93000.0,0.0,Chai,1
PBL,BCC027,,COFOLI MAX 36,BACONCO,1.0,115000,73500.0,0.0,Chai,1
PBL,BCC026,,COFOLI K300 PTK,BACONCO,1.0,120000,77136.34,0.0,Chai,1
PBL,SP000092,,COFOLI K300 PTK,BACONCO,24.0,2760000,1851272.16,0.0,thung,1
PBL,BCC025,,COFOLI K300 CON CÒ,BACONCO,1.0,115000,65000.0,0.0,Chai,1
PBL,BCC024,,COFOLI HUMIC,BACONCO,1.0,80000,475763.44,0.0,Chai,1
PBL,BCC023,,COFOLI FULVIC PTK,BACONCO,1.0,95000,53500.0,0.0,Chai,1
PBL,SP000091,,COFOLI FULVIC PTK,BACONCO,24.0,0,1284000.0,0.0,thung,1
PBL,BCC022,,COFOLI COBIO ROOT,BACONCO,1.0,125000,81592.86,0.0,Chai,1
PBL,BCC021,,COFOLI CALIMAG,BACONCO,1.0,120000,76000.0,0.0,Chai,1
PBL,BCC020,,COFOLI AMINO,BACONCO,1.0,130000,93000.0,0.0,Chai,1
PBL,BCC019,,CÒ TƯỚI 3 PHÁP ( 1KG ),BACONCO,1.0,35000,28842.38,0.0,Gói,1
PBL,BCC018,,CÒ TƯỚI 1 PHÁP(1KG ),BACONCO,1.0,35000,24000.0,0.0,Gói,1
PBG,BCC016,,BASEOS 1KG,BACONCO,1.0,145000,128000.0,0.0,kg,1
PBG,BCC015,,30-20-5 PHÁP (50kg),BACONCO,1.0,21000,19200.0,0.0,kg,1
PBG,SP000030,,30-20-5 PHÁP (50kg),BACONCO,50.0,980000,960000.0,0.0,Bao,1
PBG,BCC013,,25-15-5 AVS (50kg),BACONCO,1.0,0,0.0,0.0,kg,1
PBG,SP000083,,25-15-5 AVS (50kg),BACONCO,50.0,0,0.0,0.0,BAO,1
PBG,BCC012,,24-13-5 PHÁP (50kg),BACONCO,1.0,19000,15630.0,0.0,kg,1
PBG,SP000048,,24-13-5 PHÁP (50kg),BACONCO,50.0,880000,781500.0,0.0,bao,1
PBG,BCC011,,20-20-15 CÒ VÀNG (50kg),BACONCO,1.0,21000,19400.0,0.0,kg,1
PBG,SP000022,,20-20-15 CÒ VÀNG (50kg),BACONCO,50.0,980000,970000.0,0.0,Bao,1
PBG,BCC008,,20-10-10 BASEO (25kg),BACONCO,1.0,21000,16800.0,0.0,kg,1
PBG,SP000015,,20-10-10 BASEO (25kg),BACONCO,25.0,490000,420000.0,0.0,bao,1
PBG,BCC006,,17-17-17 PHÁP (25KG),BACONCO,1.0,21000,17565.0,0.0,kg,1
PBG,SP000021,,17-17-17 PHÁP (25KG),BACONCO,25.0,510000,439125.0,0.0,bao,1
PBG,BCC005,,16-16-8 PHÁP BAO XANH (50KG),BACONCO,1.0,16000,13500.0,0.0,kg,1
PBG,SP000355,,16-16-8 PHÁP BAO XANH (50KG),BACONCO,50.0,755000,675000.0,0.0,Bao,1
PBG,BCC004,,15-15-15 PHÁP (50KG),BACONCO,1.0,21000,19400.0,0.0,kg,1
PBG,SP000038,,15-15-15 PHÁP (50KG),BACONCO,50.0,980000,970000.0,0.0,Bao,1
PBL,BCC001,,COFOLI BOR 150,BACONCO,1.0,105000,72000.0,0.0,Chai,1
THUỐC SÂU,BASF007,,VERISMO 240SC 200ML,BASF,1.0,145000,130000.0,0.0,Chai,1
THUỐC BỆNH,BASF006,,POLYRAM 80WG 100G,BASF,1.0,35000,28318.36,0.0,Gói,1
THUỐC BỆNH,BASF005,,KUMULUS 1KG,BASF,1.0,72000,70500.0,0.0,Gói,1
THUỐC BỆNH,SP000066,,KUMULUS 1KG,BASF,20.0,1440000,1410000.0,0.0,THÙNG,1
THUỐC BỆNH,BASF004,,CABRIO TOP 600WG 100G,BASF,1.0,64000,58000.0,0.0,Gói,1
THUỐC CỎ,BASF002,,THUỐC CỎ BASTA 15SL 1 LÍT,BASF,1.0,205000,221793.97,0.0,Chai,1
THUỐC CỎ,SP000157,,THUỐC CỎ BASTA 15SL 1 LÍT,BASF,20.0,4100000,4435879.4,0.0,THÙNG,1
THUỐC BỆNH,BASF001,,ACGRO BAT MZ 100G,BASF,1.0,45000,38999.99,0.0,Gói,1
THUỐC BỆNH,SP000052,,ACGRO BAT MZ 100G,BASF,100.0,3800000,3899999.0,0.0,THÙNG,1
